Rec(t='1489788292.38',,event='start',piece='None',move_nu='0',move='None',instance='Jam-2')|9|51512|543548|150489|1172
Rec(t='1489788316.78', event='commit_move', piece='g', move_nu='0', move='(3, 4, 2)', instance='Jam-2')|8|11305|116367|42476|624
Rec(t='1489788319.85', event='commit_move', piece='o', move_nu='1', move='(5, 3, 3)', instance='Jam-2')|7|1182|11964|5343|218
Rec(t='1489788332.01', event='commit_move', piece='y', move_nu='2', move='(1, 0, 3)', instance='Jam-2')|7|1865|19140|7829|290
Rec(t='1489788334.77', event='commit_move', piece='M', move_nu='3', move='(4, 0, 2)', instance='Jam-2')|6|424|4239|2066|138
Rec(t='1489788363.69', event='commit_move', piece='w', move_nu='4', move='(2, 3, 3)', instance='Jam-2')|6|387|4028|2035|124
Rec(t='1489788366.16', event='commit_move', piece='r', move_nu='5', move='(1, 2, 2)', instance='Jam-2')|5|138|1455|845|69
Rec(t='1489788369.72', event='commit_move', piece='b', move_nu='6', move='(0, 3, 2)', instance='Jam-2')|4|37|374|249|25
Rec(t='1489788373.43', event='commit_move', piece='y', move_nu='7', move='(0, 0, 3)', instance='Jam-2')|3|11|114|87|10
Rec(t='1489788376.39', event='commit_move', piece='c', move_nu='8', move='(3, 0, 2)', instance='Jam-2')|2|4|48|41|4
Rec(t='1489788378.5', event='commit_move', piece='r', move_nu='9', move='(4, 2, 2)', instance='Jam-2')|1|0|0|0|0
Rec(t='1489788378.5', event='win', piece='r', move_nu='9', move='(4, 2, 2)', instance='Jam-2')|1|0|0|0|0
Rec(t='1489788381.34', event='start', piece='None', move_nu='0', move='None', instance='Jam-3'),15,19812|203321|20822|702||
Rec(t='1489788418.58', event='commit_move', piece='w', move_nu='0', move='(3, 0, 3)', instance='Jam-3')|14|11602|115439|9688|710
Rec(t='1489788429.35', event='commit_move', piece='b', move_nu='1', move='(3, 3, 2)', instance='Jam-3')|14|14804|148433|14775|710
Rec(t='1489788436.99', event='commit_move', piece='l', move_nu='2', move='(1, 3, 2)', instance='Jam-3')|13|12728|122459|9062|610
Rec(t='1489788440.73', event='commit_move', piece='B', move_nu='3', move='(0, 5, 2)', instance='Jam-3')|12|7690|72843|3825|526
Rec(t='1489788466.44', event='commit_move', piece='y', move_nu='4', move='(5, 0, 3)', instance='Jam-3')|11|8532|80333|4083|533
Rec(t='1489788469.62', event='commit_move', piece='b', move_nu='5', move='(4, 3, 2)', instance='Jam-3')|10|7161|68373|3667|531
Rec(t='1489788477.83', event='commit_move', piece='w', move_nu='6', move='(3, 3, 3)', instance='Jam-3')|9|5366|52346|6610|510
Rec(t='1489788505.32', event='commit_move', piece='r', move_nu='7', move='(0, 2, 2)', instance='Jam-3')|9|4967|47952|5152|504
Rec(t='1489788548.93', event='commit_move', piece='w', move_nu='8', move='(3, 0, 3)', instance='Jam-3')|10|6341|60925|2868|534
Rec(t='1489788551.28', event='commit_move', piece='b', move_nu='9', move='(2, 3, 2)', instance='Jam-3')|11|8595|81178|2901|527
Rec(t='1489788554.75', event='commit_move', piece='y', move_nu='10', move='(5, 3, 3)', instance='Jam-3')|12|7702|72676|3090|532
Rec(t='1489788592.1', event='commit_move', piece='B', move_nu='11', move='(3, 5, 2)', instance='Jam-3')|13|12543|120156|6621|610
Rec(t='1489788595.04', event='commit_move', piece='l', move_nu='12', move='(1, 4, 2)', instance='Jam-3')|14|14911|149291|10977|710
Rec(t='1489788604.81', event='commit_move', piece='b', move_nu='13', move='(0, 3, 2)', instance='Jam-3')|14|10996|109899|9184|706
Rec(t='1489788719.05', event='commit_move', piece='B', move_nu='14', move='(2, 5, 2)', instance='Jam-3')|14|11595|115222|9366|704
Rec(t='1489788728.57', event='commit_move', piece='y', move_nu='15', move='(5, 0, 3)', instance='Jam-3')|13|13766|134959|9194|704
Rec(t='1489788737.56', event='commit_move', piece='b', move_nu='16', move='(4, 3, 2)', instance='Jam-3')|12|9491|92183|5537|706
Rec(t='1489788749.9', event='commit_move', piece='B', move_nu='17', move='(4, 5, 2)', instance='Jam-3')|11|8604|83907|4659|708
Rec(t='1489788776.68', event='commit_move', piece='w', move_nu='18', move='(3, 3, 3)', instance='Jam-3')|10|10697|104036|5739|704
Rec(t='1489788789.12', event='commit_move', piece='r', move_nu='19', move='(1, 2, 2)', instance='Jam-3')|10|10417|100843|4720|705
Rec(t='1489788793.35', event='commit_move', piece='w', move_nu='20', move='(3, 0, 3)', instance='Jam-3')|11|8757|85856|3781|703
Rec(t='1489788798.2', event='commit_move', piece='b', move_nu='21', move='(0, 3, 2)', instance='Jam-3')|12|9717|93244|3565|702
Rec(t='1489788803.22', event='commit_move', piece='w', move_nu='22', move='(3, 3, 3)', instance='Jam-3')|13|9126|89871|3645|706
Rec(t='1489788808.88', event='commit_move', piece='y', move_nu='23', move='(5, 2, 3)', instance='Jam-3')|14|12292|122049|6230|704
Rec(t='1489788812.33', event='commit_move', piece='r', move_nu='24', move='(3, 2, 2)', instance='Jam-3')|15|17020|178325|16997|703
Rec(t='1489788827.37', event='commit_move', piece='r', move_nu='25', move='(1, 2, 2)', instance='Jam-3')|14|12236|121644|8141|705
Rec(t='1489788830.44', event='commit_move', piece='w', move_nu='26', move='(3, 0, 3)', instance='Jam-3')|13|10449|100210|4567|702
Rec(t='1489788834.12', event='commit_move', piece='B', move_nu='27', move='(2, 5, 2)', instance='Jam-3')|14|15349|153043|9639|710
Rec(t='1489788837.56', event='commit_move', piece='y', move_nu='28', move='(5, 3, 3)', instance='Jam-3')|14|11258|112158|9544|707
Rec(t='1489788912.89', event='commit_move', piece='y', move_nu='29', move='(5, 1, 3)', instance='Jam-3')|14|16155|160299|13191|710
Rec(t='1489788925.45', event='commit_move', piece='B', move_nu='30', move='(4, 5, 2)', instance='Jam-3')|13|10062|97145|4776|702
Rec(t='1489788928.72', event='commit_move', piece='w', move_nu='31', move='(3, 3, 3)', instance='Jam-3')|14|12664|125557|6348|710
Rec(t='1489788935.57', event='commit_move', piece='r', move_nu='32', move='(3, 2, 2)', instance='Jam-3')|15|17548|182902|16656|710
Rec(t='1489788975.49', event='commit_move', piece='r', move_nu='33', move='(1, 2, 2)', instance='Jam-3')|14|12609|125498|8546|710
Rec(t='1489788979.34', event='commit_move', piece='w', move_nu='34', move='(3, 0, 3)', instance='Jam-3')|13|10644|103756|4554|702
Rec(t='1489788988.56', event='commit_move', piece='b', move_nu='35', move='(3, 3, 2)', instance='Jam-3')|13|11166|106186|4581|703
Rec(t='1489789018.56', event='commit_move', piece='b', move_nu='36', move='(2, 3, 2)', instance='Jam-3')|13|11281|107578|4823|704
Rec(t='1489789020.65', event='commit_move', piece='l', move_nu='37', move='(1, 3, 2)', instance='Jam-3')|13|14455|139954|7520|706
Rec(t='1489789032.62', event='commit_move', piece='B', move_nu='38', move='(0, 5, 2)', instance='Jam-3')|12|9674|90924|4376|533
Rec(t='1489789049.24', event='commit_move', piece='y', move_nu='39', move='(5, 0, 3)', instance='Jam-3')|11|8718|82012|3632|526
Rec(t='1489789055.11', event='commit_move', piece='b', move_nu='40', move='(4, 3, 2)', instance='Jam-3')|10|6558|62446|3443|528
Rec(t='1489789081.91', event='commit_move', piece='w', move_nu='41', move='(3, 3, 3)', instance='Jam-3')|9|4652|45080|5051|507
Rec(t='1489789096.32', event='commit_move', piece='r', move_nu='42', move='(3, 2, 2)', instance='Jam-3')|8|1511|14128|2644|373
Rec(t='1489789100.34', event='commit_move', piece='l', move_nu='43', move='(1, 0, 2)', instance='Jam-3')|7|722|7089|2096|238
Rec(t='1489789114.73', event='commit_move', piece='r', move_nu='44', move='(1, 2, 2)', instance='Jam-3')|6|436|4041|1336|138
Rec(t='1489789117.66', event='commit_move', piece='w', move_nu='45', move='(3, 0, 3)', instance='Jam-3')|5|251|2672|1211|122
Rec(t='1489789122.03', event='commit_move', piece='b', move_nu='46', move='(0, 3, 2)', instance='Jam-3')|4|57|670|459|39
Rec(t='1489789127.28', event='commit_move', piece='y', move_nu='47', move='(5, 3, 3)', instance='Jam-3')|3|18|210|157|16
Rec(t='1489789129.48', event='commit_move', piece='w', move_nu='48', move='(3, 3, 3)', instance='Jam-3')|2|2|22|20|2
Rec(t='1489789131.29', event='commit_move', piece='r', move_nu='49', move='(4, 2, 2)', instance='Jam-3')|1|0|0|0|0
Rec(t='1489789131.29', event='win', piece='r', move_nu='49', move='(4, 2, 2)', instance='Jam-3')|1|0|0|0|0
Rec(t='1489788209.37', event='start', piece='None', move_nu='0', move='None', instance='Jam-1'),9,37405|414234|29640|998||
Rec(t='1489788224.32', event='commit_move', piece='l', move_nu='0', move='(3, 2, 3)', instance='Jam-1')|10|66269|764890|31579|1025
Rec(t='1489788227.47', event='commit_move', piece='M', move_nu='1', move='(5, 1, 3)', instance='Jam-1')|10|70138|787709|39171|1037
Rec(t='1489788255.75', event='commit_move', piece='B', move_nu='2', move='(1, 5, 3)', instance='Jam-1')|10|69626|785169|38583|1037
Rec(t='1489788258.99', event='commit_move', piece='w', move_nu='3', move='(1, 0, 2)', instance='Jam-1')|9|52337|590424|79042|939
Rec(t='1489788261.49', event='commit_move', piece='b', move_nu='4', move='(0, 0, 3)', instance='Jam-1')|8|21176|238958|41313|842
Rec(t='1489788264.1', event='commit_move', piece='y', move_nu='5', move='(0, 3, 2)', instance='Jam-1')|7|4433|48444|13345|469
Rec(t='1489788266.77', event='commit_move', piece='B', move_nu='6', move='(0, 5, 3)', instance='Jam-1')|6|777|7748|2611|199
Rec(t='1489788275.43', event='commit_move', piece='l', move_nu='7', move='(3, 1, 3)', instance='Jam-1')|5|266|2804|1429|121
Rec(t='1489788280.45', event='commit_move', piece='c', move_nu='8', move='(1, 4, 2)', instance='Jam-1')|4|62|712|470|39
Rec(t='1489788283.2', event='commit_move', piece='l', move_nu='9', move='(3, 3, 3)', instance='Jam-1')|3|13|130|93|13
Rec(t='1489788285.58', event='commit_move', piece='M', move_nu='10', move='(5, 3, 3)', instance='Jam-1')|2|3|32|28|3
Rec(t='1489788287.93', event='commit_move', piece='r', move_nu='11', move='(4, 2, 2)', instance='Jam-1')|1|0|0|0|0
Rec(t='1489788287.93', event='win', piece='r', move_nu='11', move='(4, 2, 2)', instance='Jam-1')|1|0|0|0|0
Rec(t='1489789376.19', event='start', piece='None', move_nu='0', move='None', instance='Jam-6'),10,64946|680667|121316|1017||
Rec(t='1489789383.58', event='commit_move', piece='g', move_nu='0', move='(2, 4, 2)', instance='Jam-6')|10|63029|655519|105083|1074
Rec(t='1489789385.5', event='commit_move', piece='B', move_nu='1', move='(1, 3, 2)', instance='Jam-6')|10|42281|432517|103848|893
Rec(t='1489789390.91', event='commit_move', piece='b', move_nu='2', move='(1, 0, 2)', instance='Jam-6')|10|41682|429360|105879|885
Rec(t='1489789410.19', event='commit_move', piece='B', move_nu='3', move='(0, 3, 2)', instance='Jam-6')|11|131178|1369710|81945|1366
Rec(t='1489789411.61', event='commit_move', piece='g', move_nu='4', move='(2, 3, 2)', instance='Jam-6')|11|161425|1653942|204542|1234
Rec(t='1489789413.93', event='commit_move', piece='m', move_nu='5', move='(1, 5, 3)', instance='Jam-6')|11|156478|1615892|247763|1162
Rec(t='1489789431.27', event='commit_move', piece='M', move_nu='6', move='(1, 1, 2)', instance='Jam-6')|12|434751|4537332|422307|1376
Rec(t='1489789433.77', event='commit_move', piece='m', move_nu='7', move='(2, 5, 3)', instance='Jam-6')|12|475142|5052536|657100|1369
Rec(t='1489789436.94', event='commit_move', piece='m', move_nu='8', move='(3, 5, 3)', instance='Jam-6')|11|171307|1811231|332408|1161
Rec(t='1489789438.44', event='commit_move', piece='g', move_nu='9', move='(2, 4, 2)', instance='Jam-6')|10|58252|619692|114701|973
Rec(t='1489789439.77', event='commit_move', piece='B', move_nu='10', move='(1, 3, 2)', instance='Jam-6')|9|13638|130469|34859|645
Rec(t='1489789445.39', event='commit_move', piece='l', move_nu='11', move='(0, 1, 2)', instance='Jam-6')|8|2686|24926|7054|342
Rec(t='1489789447.64', event='commit_move', piece='B', move_nu='12', move='(0, 3, 2)', instance='Jam-6')|7|666|6494|3025|171
Rec(t='1489789449.99', event='commit_move', piece='g', move_nu='13', move='(2, 3, 2)', instance='Jam-6')|6|353|3681|2032|106
Rec(t='1489789452.18', event='commit_move', piece='m', move_nu='14', move='(0, 5, 3)', instance='Jam-6')|5|136|1452|902|51
Rec(t='1489789455.53', event='commit_move', piece='w', move_nu='15', move='(3, 3, 3)', instance='Jam-6')|4|41|452|314|26
Rec(t='1489789458.17', event='commit_move', piece='y', move_nu='16', move='(4, 3, 3)', instance='Jam-6')|3|12|139|109|11
Rec(t='1489789460.33', event='commit_move', piece='o', move_nu='17', move='(5, 3, 3)', instance='Jam-6')|2|2|22|20|2
Rec(t='1489789462.0', event='commit_move', piece='r', move_nu='18', move='(4, 2, 2)', instance='Jam-6')|1|0|0|0|0
Rec(t='1489789462.0', event='win', piece='r', move_nu='18', move='(4, 2, 2)', instance='Jam-6')|1|0|0|0|0
Rec(t='1489789467.93', event='start', piece='None', move_nu='0', move='None', instance='Jam-7'),14,336307|3633825|146785|3353||
Rec(t='1489789480.88', event='commit_move', piece='g', move_nu='0', move='(0, 3, 2)', instance='Jam-7')|15|564742|6722008|561384|3789
Rec(t='1489789483.06', event='commit_move', piece='M', move_nu='1', move='(3, 2, 2)', instance='Jam-7')|15|626849|7038854|277095|3691
Rec(t='1489789533.45', event='commit_move', piece='M', move_nu='2', move='(3, 1, 2)', instance='Jam-7')|15|560699|6668060|851953|3737
Rec(t='1489789581.07', event='commit_move', piece='g', move_nu='3', move='(3, 3, 2)', instance='Jam-7')|15|355412|3983651|338928|4011
Rec(t='1489789583.56', event='commit_move', piece='l', move_nu='4', move='(5, 4, 2)', instance='Jam-7')|14|301875|3230117|277155|3491
Rec(t='1489789588.58', event='commit_move', piece='g', move_nu='5', move='(4, 3, 2)', instance='Jam-7')|14|238089|2523466|215952|3394
Rec(t='1489789591.1', event='commit_move', piece='c', move_nu='6', move='(4, 1, 2)', instance='Jam-7')|13|284786|2850183|155623|3017
Rec(t='1489789594.38', event='commit_move', piece='y', move_nu='7', move='(3, 0, 2)', instance='Jam-7')|13|299801|3048039|146462|3014
Rec(t='1489789625.48', event='commit_move', piece='g', move_nu='8', move='(1, 3, 2)', instance='Jam-7')|14|1011904|12026618|1196698|3842
Rec(t='1489789627.45', event='commit_move', piece='B', move_nu='9', move='(5, 2, 2)', instance='Jam-7')|13|1193072|13034328|1598907|3300
Rec(t='1489789629.67', event='commit_move', piece='y', move_nu='10', move='(4, 0, 2)', instance='Jam-7')|12|669138|7411000|908085|3313
Rec(t='1489789631.08', event='commit_move', piece='M', move_nu='11', move='(3, 0, 2)', instance='Jam-7')|11|448814|5030020|607467|3238
Rec(t='1489789632.75', event='commit_move', piece='r', move_nu='12', move='(2, 2, 2)', instance='Jam-7')|10|154605|1710872|264860|3145
Rec(t='1489789636.17', event='commit_move', piece='b', move_nu='13', move='(1, 1, 2)', instance='Jam-7')|10|137732|1554141|305956|2950
Rec(t='1489789637.74', event='commit_move', piece='g', move_nu='14', move='(2, 3, 2)', instance='Jam-7')|9|62016|714978|162440|2182
Rec(t='1489789640.27', event='commit_move', piece='b', move_nu='15', move='(1, 4, 2)', instance='Jam-7')|8|29714|353975|92186|1624
Rec(t='1489789656.78', event='commit_move', piece='r', move_nu='16', move='(0, 2, 2)', instance='Jam-7')|7|10658|134421|45217|984
Rec(t='1489789658.36', event='commit_move', piece='M', move_nu='17', move='(3, 1, 2)', instance='Jam-7')|6|3279|47905|22397|540
Rec(t='1489789660.36', event='commit_move', piece='y', move_nu='18', move='(0, 0, 2)', instance='Jam-7')|5|487|7620|4733|145
Rec(t='1489789665.92', event='commit_move', piece='B', move_nu='19', move='(5, 0, 2)', instance='Jam-7')|4|141|2395|1686|80
Rec(t='1489789668.1', event='commit_move', piece='c', move_nu='20', move='(4, 4, 2)', instance='Jam-7')|3|30|525|436|24
Rec(t='1489789670.05', event='commit_move', piece='M', move_nu='21', move='(3, 0, 2)', instance='Jam-7')|2|3|56|51|3
Rec(t='1489789671.55', event='commit_move', piece='r', move_nu='22', move='(4, 2, 2)', instance='Jam-7')|1|0|0|0|0
Rec(t='1489789671.55', event='win', piece='r', move_nu='22', move='(4, 2, 2)', instance='Jam-7')|1|0|0|0|0
Rec(t='1489789137.79', event='start', piece='None', move_nu='0', move='None', instance='Jam-4'),10,2570|26530|5660|243||
Rec(t='1489789176.78', event='commit_move', piece='l', move_nu='0', move='(0, 3, 3)', instance='Jam-4')|9|2326|24112|5339|243
Rec(t='1489789180.11', event='commit_move', piece='r', move_nu='1', move='(0, 2, 2)', instance='Jam-4')|8|2154|22294|4913|242
Rec(t='1489789183.13', event='commit_move', piece='b', move_nu='2', move='(2, 0, 2)', instance='Jam-4')|7|1909|19843|4688|231
Rec(t='1489789193.73', event='commit_move', piece='w', move_nu='3', move='(1, 3, 3)', instance='Jam-4')|7|2866|29655|5016|285
Rec(t='1489789211.73', event='commit_move', piece='B', move_nu='4', move='(5, 0, 2)', instance='Jam-4')|7|3276|32938|5720|297
Rec(t='1489789221.9', event='commit_move', piece='r', move_nu='5', move='(1, 2, 2)', instance='Jam-4')|6|1645|16895|3393|230
Rec(t='1489789224.97', event='commit_move', piece='l', move_nu='6', move='(0, 0, 3)', instance='Jam-4')|5|573|6087|1977|142
Rec(t='1489789227.95', event='commit_move', piece='w', move_nu='7', move='(0, 3, 3)', instance='Jam-4')|4|96|1023|568|56
Rec(t='1489789233.4', event='commit_move', piece='c', move_nu='8', move='(0, 5, 3)', instance='Jam-4')|3|17|183|134|15
Rec(t='1489789235.69', event='commit_move', piece='y', move_nu='9', move='(3, 3, 3)', instance='Jam-4')|2|3|25|20|3
Rec(t='1489789237.94', event='commit_move', piece='r', move_nu='10', move='(4, 2, 2)', instance='Jam-4')|1|0|0|0|0
Rec(t='1489789237.94', event='win', piece='r', move_nu='10', move='(4, 2, 2)', instance='Jam-4')|1|0|0|0|0
Rec(t='1489789242.27', event='start', piece='None', move_nu='0', move='None', instance='Jam-5'),10,83952|1008947|205365|1200||
Rec(t='1489789257.81', event='commit_move', piece='g', move_nu='0', move='(1, 4, 2)', instance='Jam-5')|9|38842|453586|116102|932
Rec(t='1489789259.93', event='commit_move', piece='l', move_nu='1', move='(1, 5, 2)', instance='Jam-5')|8|13907|159389|51007|597
Rec(t='1489789267.94', event='commit_move', piece='m', move_nu='2', move='(5, 4, 2)', instance='Jam-5')|7|3349|37326|15903|362
Rec(t='1489789276.94', event='commit_move', piece='w', move_nu='3', move='(4, 0, 3)', instance='Jam-5')|7|3928|43250|17625|414
Rec(t='1489789278.61', event='commit_move', piece='b', move_nu='4', move='(1, 0, 2)', instance='Jam-5')|6|1234|14234|7583|258
Rec(t='1489789280.04', event='commit_move', piece='o', move_nu='5', move='(0, 0, 3)', instance='Jam-5')|5|260|3239|2179|110
Rec(t='1489789282.13', event='commit_move', piece='B', move_nu='6', move='(0, 3, 2)', instance='Jam-5')|6|1150|13416|4093|240
Rec(t='1489789284.16', event='commit_move', piece='l', move_nu='7', move='(0, 5, 2)', instance='Jam-5')|7|3382|38485|8569|431
Rec(t='1489789358.23', event='commit_move', piece='l', move_nu='8', move='(1, 5, 2)', instance='Jam-5')|6|1133|13244|6605|239
Rec(t='1489789362.32', event='commit_move', piece='B', move_nu='9', move='(0, 4, 2)', instance='Jam-5')|5|251|3122|2072|107
Rec(t='1489789365.13', event='commit_move', piece='M', move_nu='10', move='(0, 3, 3)', instance='Jam-5')|4|42|548|415|31
Rec(t='1489789368.2', event='commit_move', piece='y', move_nu='11', move='(3, 3, 3)', instance='Jam-5')|3|8|98|80|8
Rec(t='1489789370.62', event='commit_move', piece='w', move_nu='12', move='(4, 3, 3)', instance='Jam-5')|2|1|15|15|1
Rec(t='1489789372.34', event='commit_move', piece='r', move_nu='13', move='(4, 2, 2)', instance='Jam-5')|1|0|0|0|0
Rec(t='1489789372.34', event='win', piece='r', move_nu='13', move='(4, 2, 2)', instance='Jam-5')|1|0|0|0|0
Rec(t='1489789675.22', event='start', piece='None', move_nu='0', move='None', instance='Jam-8'),13,121666|766408|41386|924||
Rec(t='1489789692.08', event='commit_move', piece='b', move_nu='0', move='(0, 0, 2)', instance='Jam-8')|12|74265|470760|34102|871
Rec(t='1489789697.38', event='commit_move', piece='M', move_nu='1', move='(4, 0, 2)', instance='Jam-8')|11|24154|168225|29723|704
Rec(t='1489789704.4', event='commit_move', piece='c', move_nu='2', move='(0, 1, 2)', instance='Jam-8')|10|21224|145515|25538|699
Rec(t='1489789706.15', event='commit_move', piece='B', move_nu='3', move='(2, 0, 2)', instance='Jam-8')|9|10517|71745|15155|590
Rec(t='1489789707.99', event='commit_move', piece='r', move_nu='4', move='(1, 2, 2)', instance='Jam-8')|9|9054|64852|16429|479
Rec(t='1489789712.51', event='commit_move', piece='g', move_nu='5', move='(3, 0, 2)', instance='Jam-8')|8|4781|32570|8378|394
Rec(t='1489789718.16', event='commit_move', piece='t', move_nu='6', move='(2, 3, 2)', instance='Jam-8')|8|5060|33825|8476|380
Rec(t='1489789720.01', event='commit_move', piece='w', move_nu='7', move='(2, 5, 3)', instance='Jam-8')|7|1666|12644|4438|209
Rec(t='1489789736.94', event='commit_move', piece='r', move_nu='8', move='(2, 2, 2)', instance='Jam-8')|7|1574|12090|4312|199
Rec(t='1489789747.21', event='commit_move', piece='r', move_nu='9', move='(3, 2, 2)', instance='Jam-8')|6|580|4326|1630|130
Rec(t='1489789748.79', event='commit_move', piece='t', move_nu='10', move='(2, 2, 2)', instance='Jam-8')|5|114|776|372|51
Rec(t='1489789750.94', event='commit_move', piece='o', move_nu='11', move='(2, 4, 3)', instance='Jam-8')|4|16|82|43|13
Rec(t='1489789752.38', event='commit_move', piece='m', move_nu='12', move='(3, 3, 2)', instance='Jam-8')|3|7|34|19|7
Rec(t='1489789754.88', event='commit_move', piece='y', move_nu='13', move='(5, 3, 3)', instance='Jam-8')|2|1|4|4|1
Rec(t='1489789756.03', event='commit_move', piece='r', move_nu='14', move='(4, 2, 2)', instance='Jam-8')|1|0|0|0|0
Rec(t='1489789756.03', event='win', piece='r', move_nu='14', move='(4, 2, 2)', instance='Jam-8')|1|0|0|0|0
Rec(t='1489789758.03', event='start', piece='None', move_nu='0', move='None', instance='Jam-9'),13,59357|588702|114478|613||
Rec(t='1489789777.06', event='commit_move', piece='y', move_nu='0', move='(4, 3, 3)', instance='Jam-9')|12|10927|102167|23489|490
Rec(t='1489789781.06', event='commit_move', piece='r', move_nu='1', move='(1, 2, 2)', instance='Jam-9')|11|10712|100410|22852|490
Rec(t='1489789787.65', event='commit_move', piece='o', move_nu='2', move='(0, 0, 3)', instance='Jam-9')|10|10203|95821|21840|490
Rec(t='1489789791.33', event='commit_move', piece='w', move_nu='3', move='(0, 3, 3)', instance='Jam-9')|9|9783|92328|21511|490
Rec(t='1489789802.85', event='commit_move', piece='B', move_nu='4', move='(3, 4, 2)', instance='Jam-9')|8|10222|95043|22593|468
Rec(t='1489789806.25', event='commit_move', piece='r', move_nu='5', move='(3, 2, 2)', instance='Jam-9')|7|4172|39422|12882|316
Rec(t='1489789807.71', event='commit_move', piece='b', move_nu='6', move='(1, 1, 2)', instance='Jam-9')|6|1431|13230|5087|213
Rec(t='1489789809.12', event='commit_move', piece='c', move_nu='7', move='(1, 0, 2)', instance='Jam-9')|5|291|2532|1268|97
Rec(t='1489789811.31', event='commit_move', piece='M', move_nu='8', move='(3, 0, 2)', instance='Jam-9')|4|42|336|205|28
Rec(t='1489789813.14', event='commit_move', piece='g', move_nu='9', move='(2, 1, 2)', instance='Jam-9')|3|15|132|97|14
Rec(t='1489789816.16', event='commit_move', piece='l', move_nu='10', move='(5, 0, 2)', instance='Jam-9')|2|3|29|25|3
Rec(t='1489789817.29', event='commit_move', piece='r', move_nu='11', move='(4, 2, 2)', instance='Jam-9')|1|0|0|0|0
Rec(t='1489789817.29', event='win', piece='r', move_nu='11', move='(4, 2, 2)', instance='Jam-9')|1|0|0|0|0
Rec(t='1489789819.48', event='start', piece='None', move_nu='0', move='None', instance='Jam-10'),18,448564|3645264|195306|1658||
Rec(t='1489789830.97', event='commit_move', piece='M', move_nu='0', move='(3, 0, 2)', instance='Jam-10')|17|316807|2582831|146303|1659
Rec(t='1489789833.02', event='commit_move', piece='y', move_nu='1', move='(5, 0, 3)', instance='Jam-10')|16|209143|1697033|97756|1659
Rec(t='1489789840.95', event='commit_move', piece='r', move_nu='2', move='(3, 2, 2)', instance='Jam-10')|15|108723|878756|49692|1662
Rec(t='1489789845.09', event='commit_move', piece='c', move_nu='3', move='(2, 1, 2)', instance='Jam-10')|15|153643|1231674|87369|1662
Rec(t='1489789847.23', event='commit_move', piece='M', move_nu='4', move='(2, 0, 2)', instance='Jam-10')|16|333987|2736797|248928|1670
Rec(t='1489789874.19', event='commit_move', piece='M', move_nu='5', move='(3, 0, 2)', instance='Jam-10')|15|153280|1226685|87849|1661
Rec(t='1489789875.51', event='commit_move', piece='b', move_nu='6', move='(1, 0, 2)', instance='Jam-10')|14|207415|1627356|23574|1662
Rec(t='1489789879.31', event='commit_move', piece='w', move_nu='7', move='(3, 3, 3)', instance='Jam-10')|13|149534|1197422|22955|1662
Rec(t='1489789881.49', event='commit_move', piece='c', move_nu='8', move='(2, 4, 2)', instance='Jam-10')|12|78421|683965|21700|1656
Rec(t='1489789882.93', event='commit_move', piece='B', move_nu='9', move='(1, 1, 2)', instance='Jam-10')|11|98274|848702|22526|1625
Rec(t='1489789884.71', event='commit_move', piece='o', move_nu='10', move='(0, 0, 3)', instance='Jam-10')|10|70638|643138|19780|1566
Rec(t='1489789899.4', event='commit_move', piece='B', move_nu='11', move='(3, 1, 2)', instance='Jam-10')|11|86161|769057|40385|1653
Rec(t='1489789903.0', event='commit_move', piece='c', move_nu='12', move='(2, 1, 2)', instance='Jam-10')|12|114782|1005324|40672|1673
Rec(t='1489789906.29', event='commit_move', piece='w', move_nu='13', move='(0, 3, 3)', instance='Jam-10')|13|115365|1008539|40315|1673
Rec(t='1489789908.94', event='commit_move', piece='g', move_nu='14', move='(3, 3, 2)', instance='Jam-10')|14|122905|1062452|41332|1673
Rec(t='1489789914.74', event='commit_move', piece='p', move_nu='15', move='(2, 5, 2)', instance='Jam-10')|15|125619|1081650|40882|1673
Rec(t='1489789928.01', event='commit_move', piece='p', move_nu='16', move='(4, 5, 2)', instance='Jam-10')|14|122995|1064090|44891|1674
Rec(t='1489789929.53', event='commit_move', piece='g', move_nu='17', move='(3, 4, 2)', instance='Jam-10')|13|116387|1016464|43554|1673
Rec(t='1489789931.97', event='commit_move', piece='w', move_nu='18', move='(3, 3, 3)', instance='Jam-10')|12|114810|1011267|43330|1673
Rec(t='1489789934.05', event='commit_move', piece='o', move_nu='19', move='(0, 2, 3)', instance='Jam-10')|13|199955|1637977|107645|1679
Rec(t='1489789935.77', event='commit_move', piece='b', move_nu='20', move='(0, 0, 2)', instance='Jam-10')|14|204669|1712723|208160|1679
Rec(t='1489789942.22', event='commit_move', piece='M', move_nu='21', move='(2, 0, 2)', instance='Jam-10')|15|316111|2704604|376350|1690
Rec(t='1489789974.74', event='commit_move', piece='M', move_nu='22', move='(3, 0, 2)', instance='Jam-10')|14|203406|1704000|223073|1680
Rec(t='1489789976.17', event='commit_move', piece='c', move_nu='23', move='(2, 0, 2)', instance='Jam-10')|14|130599|1098066|110160|1679
Rec(t='1489789994.17', event='commit_move', piece='c', move_nu='24', move='(2, 2, 2)', instance='Jam-10')|14|242957|2067319|297203|1679
Rec(t='1489790007.87', event='commit_move', piece='m', move_nu='25', move='(1, 5, 2)', instance='Jam-10')|15|427983|3658830|576983|1677
Rec(t='1489790011.52', event='commit_move', piece='o', move_nu='26', move='(0, 3, 3)', instance='Jam-10')|15|98892|854732|86478|1680
Rec(t='1489790013.74', event='commit_move', piece='c', move_nu='27', move='(2, 0, 2)', instance='Jam-10')|16|337313|2818281|515287|1680
Rec(t='1489790021.19', event='commit_move', piece='c', move_nu='28', move='(2, 1, 2)', instance='Jam-10')|15|68340|563466|41456|1682
Rec(t='1489790022.65', event='commit_move', piece='b', move_nu='29', move='(1, 0, 2)', instance='Jam-10')|14|105961|851883|41573|1679
Rec(t='1489790024.83', event='commit_move', piece='o', move_nu='30', move='(0, 0, 3)', instance='Jam-10')|13|129407|1149336|41971|1679
Rec(t='1489790027.31', event='commit_move', piece='w', move_nu='31', move='(0, 3, 3)', instance='Jam-10')|14|204781|1856966|78238|1680
Rec(t='1489790030.0', event='commit_move', piece='m', move_nu='32', move='(0, 5, 2)', instance='Jam-10')|13|117174|1022830|43426|1669
Rec(t='1489790042.2', event='commit_move', piece='g', move_nu='33', move='(3, 3, 2)', instance='Jam-10')|14|122989|1063044|41052|1674
Rec(t='1489790044.57', event='commit_move', piece='p', move_nu='34', move='(2, 5, 2)', instance='Jam-10')|15|124550|1072626|41426|1676
Rec(t='1489790050.42', event='commit_move', piece='y', move_nu='35', move='(5, 1, 3)', instance='Jam-10')|16|344339|2996232|121035|1674
Rec(t='1489790056.08', event='commit_move', piece='M', move_nu='36', move='(4, 0, 2)', instance='Jam-10')|17|698534|6052050|242248|1673
Rec(t='1489790064.08', event='commit_move', piece='p', move_nu='37', move='(4, 5, 2)', instance='Jam-10')|16|365573|3150910|131727|1675
Rec(t='1489790065.85', event='commit_move', piece='g', move_nu='38', move='(3, 4, 2)', instance='Jam-10')|15|127110|1100449|43585|1671
Rec(t='1489790088.41', event='commit_move', piece='w', move_nu='39', move='(2, 3, 3)', instance='Jam-10')|15|181005|1563285|44696|1675
Rec(t='1489790092.88', event='commit_move', piece='M', move_nu='40', move='(3, 0, 2)', instance='Jam-10')|14|208073|1796181|44858|1674
Rec(t='1489790094.53', event='commit_move', piece='y', move_nu='41', move='(5, 0, 3)', instance='Jam-10')|13|159037|1377685|44155|1673
Rec(t='1489790103.04', event='commit_move', piece='w', move_nu='42', move='(3, 3, 3)', instance='Jam-10')|12|113176|992746|43156|1673
Rec(t='1489790107.2', event='commit_move', piece='c', move_nu='43', move='(2, 4, 2)', instance='Jam-10')|11|86326|772225|44256|1655
Rec(t='1489790116.66', event='commit_move', piece='r', move_nu='44', move='(1, 2, 2)', instance='Jam-10')|10|73433|668488|18537|1575
Rec(t='1489790119.53', event='commit_move', piece='w', move_nu='45', move='(0, 3, 3)', instance='Jam-10')|9|56415|531576|19204|1342
Rec(t='1489790123.9', event='commit_move', piece='g', move_nu='46', move='(3, 2, 2)', instance='Jam-10')|8|14224|132549|27919|760
Rec(t='1489790127.35', event='commit_move', piece='B', move_nu='47', move='(1, 1, 2)', instance='Jam-10')|7|4492|40769|10984|494
Rec(t='1489790128.71', event='commit_move', piece='g', move_nu='48', move='(3, 1, 2)', instance='Jam-10')|7|4378|39711|11849|564
Rec(t='1489790130.23', event='commit_move', piece='l', move_nu='49', move='(3, 4, 2)', instance='Jam-10')|6|588|5121|2189|202
Rec(t='1489790131.65', event='commit_move', piece='p', move_nu='50', move='(3, 5, 2)', instance='Jam-10')|5|124|1050|573|69
Rec(t='1489790138.07', event='commit_move', piece='w', move_nu='51', move='(3, 3, 3)', instance='Jam-10')|6|511|4405|1675|163
Rec(t='1489790139.95', event='commit_move', piece='c', move_nu='52', move='(2, 3, 2)', instance='Jam-10')|7|1319|10844|3476|244
Rec(t='1489790141.25', event='commit_move', piece='p', move_nu='53', move='(2, 5, 2)', instance='Jam-10')|8|2542|20573|5316|333
Rec(t='1489790152.24', event='commit_move', piece='o', move_nu='54', move='(0, 2, 3)', instance='Jam-10')|8|3847|30339|7814|344
Rec(t='1489790153.86', event='commit_move', piece='b', move_nu='55', move='(0, 0, 2)', instance='Jam-10')|8|4451|34163|7026|366
Rec(t='1489790156.9', event='commit_move', piece='M', move_nu='56', move='(2, 0, 2)', instance='Jam-10')|8|3546|27984|7505|309
Rec(t='1489790166.35', event='commit_move', piece='p', move_nu='57', move='(3, 5, 2)', instance='Jam-10')|7|1677|13241|4803|237
Rec(t='1489790168.75', event='commit_move', piece='c', move_nu='58', move='(2, 4, 2)', instance='Jam-10')|6|534|4504|2045|153
Rec(t='1489790171.47', event='commit_move', piece='w', move_nu='59', move='(1, 3, 3)', instance='Jam-10')|5|149|1301|749|69
Rec(t='1489790178.36', event='commit_move', piece='y', move_nu='60', move='(5, 3, 3)', instance='Jam-10')|4|32|277|179|23
Rec(t='1489790180.07', event='commit_move', piece='M', move_nu='61', move='(4, 0, 2)', instance='Jam-10')|3|13|121|92|13
Rec(t='1489790181.57', event='commit_move', piece='g', move_nu='62', move='(3, 0, 2)', instance='Jam-10')|2|5|48|39|5
Rec(t='1489790182.89', event='commit_move', piece='r', move_nu='63', move='(4, 2, 2)', instance='Jam-10')|1|0|0|0|0
Rec(t='1489790182.89', event='win', piece='r', move_nu='63', move='(4, 2, 2)', instance='Jam-10')|1|0|0|0|0
