Rec(t='1489779815.73', event='start', piece='None', move_nu='0', move='None', instance='Jam-21')|22|4950|31959|1830|218
Rec(t='1489779817.95', event='commit_move', piece='l', move_nu='0', move='(0, 5, 3)', instance='Jam-21')|23|4851|31190|2329|217
Rec(t='1489779819.98', event='commit_move', piece='w', move_nu='1', move='(3, 3, 3)', instance='Jam-21')|22|1687|10815|1031|215
Rec(t='1489779822.7', event='commit_move', piece='l', move_nu='2', move='(1, 5, 3)', instance='Jam-21')|22|3824|24672|2839|216
Rec(t='1489779824.53', event='commit_move', piece='c', move_nu='3', move='(0, 3, 3)', instance='Jam-21')|21|2797|18002|1958|217
Rec(t='1489779825.85', event='commit_move', piece='r', move_nu='4', move='(0, 2, 2)', instance='Jam-21')|20|1866|12124|1015|217
Rec(t='1489779827.27', event='commit_move', piece='y', move_nu='5', move='(2, 3, 2)', instance='Jam-21')|20|9189|59446|9446|217
Rec(t='1489779829.17', event='commit_move', piece='l', move_nu='6', move='(3, 5, 3)', instance='Jam-21')|19|4272|27645|3772|217
Rec(t='1489779830.19', event='commit_move', piece='y', move_nu='7', move='(2, 4, 2)', instance='Jam-21')|18|2062|13357|971|217
Rec(t='1489779831.64', event='commit_move', piece='r', move_nu='8', move='(1, 2, 2)', instance='Jam-21')|17|1333|8553|522|217
Rec(t='1489779832.74', event='commit_move', piece='b', move_nu='9', move='(1, 0, 2)', instance='Jam-21')|16|1606|10373|530|216
Rec(t='1489779834.29', event='commit_move', piece='c', move_nu='10', move='(0, 0, 3)', instance='Jam-21')|15|1712|11034|508|215
Rec(t='1489779835.94', event='commit_move', piece='w', move_nu='11', move='(0, 3, 3)', instance='Jam-21')|14|1447|9222|873|207
Rec(t='1489779842.29', event='commit_move', piece='B', move_nu='12', move='(3, 2, 3)', instance='Jam-21')|13|751|4695|599|174
Rec(t='1489779843.81', event='commit_move', piece='b', move_nu='13', move='(4, 0, 2)', instance='Jam-21')|12|451|2847|509|139
Rec(t='1489779845.25', event='commit_move', piece='B', move_nu='14', move='(3, 0, 3)', instance='Jam-21')|11|318|1987|389|107
Rec(t='1489779847.26', event='commit_move', piece='w', move_nu='15', move='(3, 3, 3)', instance='Jam-21')|10|299|1841|333|96
Rec(t='1489779848.65', event='commit_move', piece='y', move_nu='16', move='(2, 3, 2)', instance='Jam-21')|10|337|2096|390|91
Rec(t='1489779850.56', event='commit_move', piece='l', move_nu='17', move='(0, 5, 3)', instance='Jam-21')|11|403|2556|215|108
Rec(t='1489779852.48', event='commit_move', piece='l', move_nu='18', move='(1, 5, 3)', instance='Jam-21')|10|324|2112|437|91
Rec(t='1489779853.8', event='commit_move', piece='c', move_nu='19', move='(0, 3, 3)', instance='Jam-21')|9|232|1568|416|77
Rec(t='1489779854.95', event='commit_move', piece='r', move_nu='20', move='(0, 2, 2)', instance='Jam-21')|8|143|993|374|64
Rec(t='1489779856.92', event='commit_move', piece='y', move_nu='21', move='(2, 0, 2)', instance='Jam-21')|7|85|632|302|45
Rec(t='1489779858.44', event='commit_move', piece='r', move_nu='22', move='(1, 2, 2)', instance='Jam-21')|6|48|371|191|29
Rec(t='1489779859.83', event='commit_move', piece='c', move_nu='23', move='(0, 0, 3)', instance='Jam-21')|5|29|221|118|19
Rec(t='1489779861.79', event='commit_move', piece='w', move_nu='24', move='(0, 3, 3)', instance='Jam-21')|4|14|95|54|12
Rec(t='1489779863.97', event='commit_move', piece='l', move_nu='25', move='(0, 5, 3)', instance='Jam-21')|3|4|30|21|4
Rec(t='1489779865.59', event='commit_move', piece='B', move_nu='26', move='(3, 3, 3)', instance='Jam-21')|2|1|7|7|1
Rec(t='1489779867.22', event='win', piece='r', move_nu='27', move='(4, 2, 2)', instance='Jam-21')|1|0|0|0|0
Rec(t='1489779719.99', event='start', piece='None', move_nu='0', move='None', instance='Jam-20')|11|5591|49443|8092|589
Rec(t='1489779732.1', event='commit_move', piece='M', move_nu='0', move='(3, 2, 2)', instance='Jam-20')|10|5266|46640|8974|536
Rec(t='1489779733.57', event='commit_move', piece='c', move_nu='1', move='(4, 1, 2)', instance='Jam-20')|9|5004|44769|10223|393
Rec(t='1489779734.84', event='commit_move', piece='B', move_nu='2', move='(2, 0, 2)', instance='Jam-20')|8|3584|32488|8049|328
Rec(t='1489779735.96', event='commit_move', piece='r', move_nu='3', move='(1, 2, 2)', instance='Jam-20')|9|7451|65859|12104|608
Rec(t='1489779737.79', event='commit_move', piece='b', move_nu='4', move='(0, 4, 2)', instance='Jam-20')|10|31550|269693|30484|866
Rec(t='1489779741.99', event='commit_move', piece='r', move_nu='5', move='(0, 2, 2)', instance='Jam-20')|11|72542|664652|53021|1442
Rec(t='1489779742.81', event='commit_move', piece='B', move_nu='6', move='(2, 1, 2)', instance='Jam-20')|12|155779|1482395|96917|1853
Rec(t='1489779744.44', event='commit_move', piece='B', move_nu='7', move='(2, 2, 2)', instance='Jam-20')|12|177469|1728717|200729|2027
Rec(t='1489779746.33', event='commit_move', piece='y', move_nu='8', move='(0, 0, 3)', instance='Jam-20')|13|341369|3235766|141396|2244
Rec(t='1489779748.13', event='commit_move', piece='c', move_nu='9', move='(0, 1, 2)', instance='Jam-20')|14|547727|5295517|141619|2531
Rec(t='1489779749.93', event='commit_move', piece='m', move_nu='10', move='(5, 0, 3)', instance='Jam-20')|15|682524|6678440|211033|2701
Rec(t='1489779752.08', event='commit_move', piece='l', move_nu='11', move='(4, 4, 2)', instance='Jam-20')|15|580594|5773077|125180|2715
Rec(t='1489779753.57', event='commit_move', piece='M', move_nu='12', move='(3, 3, 2)', instance='Jam-20')|16|759572|7387358|186397|2831
Rec(t='1489779754.87', event='commit_move', piece='m', move_nu='13', move='(5, 1, 3)', instance='Jam-20')|15|764613|7280733|249148|2791
Rec(t='1489779756.55', event='commit_move', piece='y', move_nu='14', move='(3, 0, 3)', instance='Jam-20')|14|566662|5530902|175289|2789
Rec(t='1489779757.82', event='commit_move', piece='B', move_nu='15', move='(2, 0, 2)', instance='Jam-20')|15|787143|7637513|256633|2799
Rec(t='1489779759.59', event='commit_move', piece='r', move_nu='16', move='(3, 2, 2)', instance='Jam-20')|14|496383|5114574|196584|2455
Rec(t='1489779761.59', event='commit_move', piece='B', move_nu='17', move='(2, 2, 2)', instance='Jam-20')|13|204114|2091553|295986|2104
Rec(t='1489779762.72', event='commit_move', piece='y', move_nu='18', move='(2, 0, 3)', instance='Jam-20')|14|260194|2616186|226064|2108
Rec(t='1489779764.0', event='commit_move', piece='m', move_nu='19', move='(5, 0, 3)', instance='Jam-20')|15|323971|3229037|297537|2095
Rec(t='1489779767.72', event='commit_move', piece='y', move_nu='20', move='(0, 0, 3)', instance='Jam-20')|15|311255|3118336|462175|2109
Rec(t='1489779769.61', event='commit_move', piece='B', move_nu='21', move='(2, 1, 2)', instance='Jam-20')|16|999321|10298219|526595|2236
Rec(t='1489779770.97', event='commit_move', piece='g', move_nu='22', move='(2, 3, 2)', instance='Jam-20')|17|685858|6489630|502720|2252
Rec(t='1489779772.77', event='commit_move', piece='w', move_nu='23', move='(1, 5, 3)', instance='Jam-20')|18|1234414|11628339|998449|2248
Rec(t='1489779775.89', event='commit_move', piece='b', move_nu='24', move='(0, 2, 2)', instance='Jam-20')|18|1010512|9370620|1147460|2148
Rec(t='1489779776.96', event='commit_move', piece='w', move_nu='25', move='(0, 5, 3)', instance='Jam-20')|18|881036|8179035|1025467|2146
Rec(t='1489779778.49', event='commit_move', piece='M', move_nu='26', move='(3, 4, 2)', instance='Jam-20')|19|1281202|11698646|913882|2235
Rec(t='1489779782.83', event='restart', piece='y', move_nu='27', move='(2, 0, 3)', instance='Jam-20')|19|1279694|11681633|1371966|2222
Rec(t='1489779783.41', event='start', piece='None', move_nu='0', move='None', instance='Jam-20')|11|5580|49348|7970|586
Rec(t='1489779801.49', event='commit_move', piece='M', move_nu='0', move='(3, 2, 2)', instance='Jam-20')|10|5258|46537|9012|532
Rec(t='1489779802.87', event='commit_move', piece='c', move_nu='1', move='(4, 1, 2)', instance='Jam-20')|9|4756|41952|9229|380
Rec(t='1489779804.22', event='commit_move', piece='B', move_nu='2', move='(2, 0, 2)', instance='Jam-20')|8|3588|32510|8073|326
Rec(t='1489779805.66', event='commit_move', piece='g', move_nu='3', move='(2, 2, 2)', instance='Jam-20')|7|2476|22803|5644|256
Rec(t='1489779807.08', event='commit_move', piece='w', move_nu='4', move='(0, 5, 3)', instance='Jam-20')|6|929|8391|2856|160
Rec(t='1489779809.78', event='commit_move', piece='l', move_nu='5', move='(0, 4, 2)', instance='Jam-20')|5|343|3260|1601|105
Rec(t='1489779810.74', event='commit_move', piece='m', move_nu='6', move='(5, 3, 3)', instance='Jam-20')|4|94|889|530|50
Rec(t='1489779811.88', event='commit_move', piece='M', move_nu='7', move='(3, 3, 2)', instance='Jam-20')|3|19|178|127|18
Rec(t='1489779812.91', event='commit_move', piece='g', move_nu='8', move='(2, 3, 2)', instance='Jam-20')|2|8|98|80|8
Rec(t='1489779814.43', event='win', piece='r', move_nu='9', move='(4, 2, 2)', instance='Jam-20')|1|0|0|0|0
Rec(t='1489779934.26', event='start', piece='None', move_nu='0', move='None', instance='Jam-23')|30|318350|2998793|223971|1476
Rec(t='1489779938.31', event='commit_move', piece='w', move_nu='0', move='(0, 5, 3)', instance='Jam-23')|29|353649|3312196|292578|1476
Rec(t='1489779943.31', event='commit_move', piece='y', move_nu='1', move='(0, 0, 3)', instance='Jam-23')|29|353269|3309910|292048|1473
Rec(t='1489779947.74', event='commit_move', piece='y', move_nu='2', move='(2, 0, 3)', instance='Jam-23')|29|354376|3319822|292344|1454
Rec(t='1489779949.3', event='commit_move', piece='B', move_nu='3', move='(3, 4, 2)', instance='Jam-23')|28|368869|3445984|294096|1476
Rec(t='1489779950.46', event='commit_move', piece='g', move_nu='4', move='(3, 3, 2)', instance='Jam-23')|27|370554|3461185|296601|1476
Rec(t='1489779951.66', event='commit_move', piece='m', move_nu='5', move='(5, 1, 3)', instance='Jam-23')|26|371001|3465830|293538|1462
Rec(t='1489779953.37', event='commit_move', piece='y', move_nu='6', move='(3, 0, 3)', instance='Jam-23')|25|370276|3461755|295745|1471
Rec(t='1489779955.01', event='commit_move', piece='b', move_nu='7', move='(2, 0, 2)', instance='Jam-23')|24|373581|3487998|295574|1476
Rec(t='1489779958.33', event='commit_move', piece='r', move_nu='8', move='(0, 2, 2)', instance='Jam-23')|23|367683|3438131|293172|1467
Rec(t='1489779963.89', event='commit_move', piece='b', move_nu='9', move='(2, 1, 2)', instance='Jam-23')|22|371786|3471109|296226|1476
Rec(t='1489779965.5', event='commit_move', piece='y', move_nu='10', move='(0, 0, 3)', instance='Jam-23')|21|576091|5521956|203387|1426
Rec(t='1489779966.77', event='commit_move', piece='m', move_nu='11', move='(5, 0, 3)', instance='Jam-23')|20|553914|5313598|201366|1414
Rec(t='1489779968.11', event='commit_move', piece='g', move_nu='12', move='(4, 3, 2)', instance='Jam-23')|19|523753|5028764|195101|1393
Rec(t='1489779969.52', event='commit_move', piece='B', move_nu='13', move='(3, 2, 2)', instance='Jam-23')|18|338151|3239393|120456|1390
Rec(t='1489779971.36', event='commit_move', piece='w', move_nu='14', move='(3, 5, 3)', instance='Jam-23')|17|288473|2763429|108628|1387
Rec(t='1489779972.76', event='commit_move', piece='M', move_nu='15', move='(2, 4, 2)', instance='Jam-23')|16|248341|2379224|99625|1378
Rec(t='1489779974.34', event='commit_move', piece='B', move_nu='16', move='(3, 3, 2)', instance='Jam-23')|16|161520|1534980|72892|1364
Rec(t='1489779976.48', event='commit_move', piece='y', move_nu='17', move='(2, 0, 3)', instance='Jam-23')|16|200823|1973743|60554|1352
Rec(t='1489779980.34', event='commit_move', piece='B', move_nu='18', move='(3, 2, 2)', instance='Jam-23')|16|330708|3263425|83590|1341
Rec(t='1489779981.98', event='commit_move', piece='M', move_nu='19', move='(2, 3, 2)', instance='Jam-23')|17|407685|4028717|57495|1353
Rec(t='1489779983.65', event='commit_move', piece='w', move_nu='20', move='(0, 5, 3)', instance='Jam-23')|18|491540|4858870|63383|1358
Rec(t='1489779985.45', event='commit_move', piece='B', move_nu='21', move='(3, 4, 2)', instance='Jam-23')|19|787782|7801010|106529|1363
Rec(t='1489779986.96', event='commit_move', piece='g', move_nu='22', move='(3, 3, 2)', instance='Jam-23')|20|853204|8448852|109718|1377
Rec(t='1489779988.2', event='commit_move', piece='m', move_nu='23', move='(5, 1, 3)', instance='Jam-23')|21|917600|9089038|112897|1392
Rec(t='1489779989.55', event='commit_move', piece='y', move_nu='24', move='(3, 0, 3)', instance='Jam-23')|22|369447|3454426|224701|1474
Rec(t='1489779990.77', event='commit_move', piece='b', move_nu='25', move='(2, 0, 2)', instance='Jam-23')|23|366278|3424812|222959|1458
Rec(t='1489779993.78', event='commit_move', piece='M', move_nu='26', move='(2, 2, 2)', instance='Jam-23')|24|368262|3443812|223111|1474
Rec(t='1489779997.9', event='restart', piece='M', move_nu='27', move='(2, 2, 2)', instance='Jam-23')|24|369907|3459142|294491|1467
Rec(t='1489779998.48', event='start', piece='None', move_nu='0', move='None', instance='Jam-23')|30|318110|2994773|221749|1476
Rec(t='1489780023.0', event='commit_move', piece='w', move_nu='0', move='(0, 5, 3)', instance='Jam-23')|29|352055|3293589|292228|1459
Rec(t='1489780024.45', event='commit_move', piece='B', move_nu='1', move='(3, 4, 2)', instance='Jam-23')|28|370772|3465141|295712|1475
Rec(t='1489780026.32', event='commit_move', piece='g', move_nu='2', move='(3, 3, 2)', instance='Jam-23')|27|371716|3473416|295064|1476
Rec(t='1489780027.18', event='commit_move', piece='m', move_nu='3', move='(5, 1, 3)', instance='Jam-23')|26|368929|3447671|293479|1465
Rec(t='1489780028.6', event='commit_move', piece='y', move_nu='4', move='(3, 0, 3)', instance='Jam-23')|25|368214|3444257|293803|1461
Rec(t='1489780029.95', event='commit_move', piece='b', move_nu='5', move='(2, 0, 2)', instance='Jam-23')|24|371213|3468809|295170|1476
Rec(t='1489780034.89', event='commit_move', piece='r', move_nu='6', move='(0, 2, 2)', instance='Jam-23')|23|369746|3456107|297141|1476
Rec(t='1489780038.54', event='commit_move', piece='b', move_nu='7', move='(2, 1, 2)', instance='Jam-23')|22|368409|3443972|293646|1472
Rec(t='1489780040.07', event='commit_move', piece='y', move_nu='8', move='(0, 0, 3)', instance='Jam-23')|21|576707|5536256|203528|1426
Rec(t='1489780041.52', event='commit_move', piece='m', move_nu='9', move='(5, 0, 3)', instance='Jam-23')|20|554698|5321981|201099|1414
Rec(t='1489780042.96', event='commit_move', piece='g', move_nu='10', move='(4, 3, 2)', instance='Jam-23')|19|526105|5049992|195796|1391
Rec(t='1489780044.69', event='commit_move', piece='B', move_nu='11', move='(3, 2, 2)', instance='Jam-23')|18|331759|3182008|117581|1388
Rec(t='1489780046.25', event='commit_move', piece='w', move_nu='12', move='(3, 5, 3)', instance='Jam-23')|17|290518|2784327|110276|1387
Rec(t='1489780047.63', event='commit_move', piece='M', move_nu='13', move='(2, 4, 2)', instance='Jam-23')|16|248872|2380164|99992|1378
Rec(t='1489780050.96', event='commit_move', piece='y', move_nu='14', move='(2, 0, 3)', instance='Jam-23')|16|328877|3248974|83455|1341
Rec(t='1489780052.48', event='commit_move', piece='B', move_nu='15', move='(3, 3, 2)', instance='Jam-23')|16|200623|1973655|60729|1340
Rec(t='1489780053.51', event='commit_move', piece='b', move_nu='16', move='(2, 2, 2)', instance='Jam-23')|15|179534|1763772|57839|1342
Rec(t='1489780054.9', event='commit_move', piece='c', move_nu='17', move='(0, 1, 2)', instance='Jam-23')|14|156392|1533267|53412|1333
Rec(t='1489780056.22', event='commit_move', piece='b', move_nu='18', move='(2, 1, 2)', instance='Jam-23')|13|67711|650324|27724|1274
Rec(t='1489780057.6', event='commit_move', piece='B', move_nu='19', move='(3, 1, 2)', instance='Jam-23')|12|64525|606255|26112|1243
Rec(t='1489780059.72', event='commit_move', piece='g', move_nu='20', move='(0, 3, 2)', instance='Jam-23')|11|44799|424107|23135|1100
Rec(t='1489780061.23', event='commit_move', piece='y', move_nu='21', move='(0, 0, 3)', instance='Jam-23')|11|34349|321338|22347|1119
Rec(t='1489780063.97', event='commit_move', piece='B', move_nu='22', move='(3, 3, 2)', instance='Jam-23')|12|56919|528790|59057|1377
Rec(t='1489780068.55', event='commit_move', piece='B', move_nu='23', move='(3, 0, 2)', instance='Jam-23')|12|55727|514096|43182|1370
Rec(t='1489780069.72', event='commit_move', piece='l', move_nu='24', move='(3, 4, 2)', instance='Jam-23')|12|53350|482008|47766|1492
Rec(t='1489780071.17', event='commit_move', piece='m', move_nu='25', move='(5, 2, 3)', instance='Jam-23')|11|24880|235396|29591|1163
Rec(t='1489780073.19', event='commit_move', piece='B', move_nu='26', move='(3, 1, 2)', instance='Jam-23')|10|20027|190028|23964|884
Rec(t='1489780074.69', event='commit_move', piece='y', move_nu='27', move='(3, 0, 3)', instance='Jam-23')|9|10460|101144|17037|678
Rec(t='1489780076.78', event='commit_move', piece='b', move_nu='28', move='(2, 0, 2)', instance='Jam-23')|8|4024|38997|10566|410
Rec(t='1489780078.31', event='commit_move', piece='M', move_nu='29', move='(2, 2, 2)', instance='Jam-23')|7|2006|19889|5031|237
Rec(t='1489780079.73', event='commit_move', piece='w', move_nu='30', move='(0, 5, 3)', instance='Jam-23')|6|690|6533|2245|136
Rec(t='1489780081.46', event='commit_move', piece='l', move_nu='31', move='(0, 4, 2)', instance='Jam-23')|5|279|2694|1282|85
Rec(t='1489780082.58', event='commit_move', piece='m', move_nu='32', move='(5, 3, 3)', instance='Jam-23')|4|62|584|350|38
Rec(t='1489780083.91', event='commit_move', piece='M', move_nu='33', move='(2, 3, 2)', instance='Jam-23')|3|15|155|116|15
Rec(t='1489780085.65', event='commit_move', piece='B', move_nu='34', move='(3, 4, 2)', instance='Jam-23')|2|5|43|32|5
Rec(t='1489780087.07', event='win', piece='r', move_nu='35', move='(4, 2, 2)', instance='Jam-23')|1|0|0|0|0
Rec(t='1489779868.09', event='start', piece='None', move_nu='0', move='None', instance='Jam-22')|27|467752|4144272|725997|1000
Rec(t='1489779876.01', event='commit_move', piece='c', move_nu='0', move='(0, 0, 2)', instance='Jam-22')|26|288662|2583677|827998|996
Rec(t='1489779877.51', event='commit_move', piece='r', move_nu='1', move='(0, 2, 2)', instance='Jam-22')|25|137958|1238593|398570|999
Rec(t='1489779879.1', event='commit_move', piece='b', move_nu='2', move='(2, 2, 2)', instance='Jam-22')|25|141547|1261570|397877|996
Rec(t='1489779886.75', event='commit_move', piece='b', move_nu='3', move='(2, 0, 2)', instance='Jam-22')|25|137627|1235397|398386|996
Rec(t='1489779890.2', event='commit_move', piece='w', move_nu='4', move='(2, 5, 3)', instance='Jam-22')|25|588175|5440547|1894454|1000
Rec(t='1489779891.45', event='commit_move', piece='B', move_nu='5', move='(1, 4, 2)', instance='Jam-22')|24|72912|606918|155323|1000
Rec(t='1489779894.09', event='commit_move', piece='m', move_nu='6', move='(3, 4, 2)', instance='Jam-22')|23|64770|545915|150531|999
Rec(t='1489779895.52', event='commit_move', piece='b', move_nu='7', move='(2, 3, 2)', instance='Jam-22')|22|59568|506128|143834|999
Rec(t='1489779896.85', event='commit_move', piece='r', move_nu='8', move='(1, 2, 2)', instance='Jam-22')|21|60255|509219|138077|999
Rec(t='1489779898.87', event='commit_move', piece='c', move_nu='9', move='(0, 2, 2)', instance='Jam-22')|21|283523|2597562|879635|1106
Rec(t='1489779900.27', event='commit_move', piece='y', move_nu='10', move='(0, 0, 3)', instance='Jam-22')|20|237933|2207348|762543|1103
Rec(t='1489779901.49', event='commit_move', piece='o', move_nu='11', move='(3, 0, 3)', instance='Jam-22')|19|207144|1922907|665377|1106
Rec(t='1489779902.94', event='commit_move', piece='g', move_nu='12', move='(3, 3, 2)', instance='Jam-22')|18|181155|1676692|573324|1109
Rec(t='1489779904.51', event='commit_move', piece='p', move_nu='13', move='(5, 2, 2)', instance='Jam-22')|17|157937|1455403|490503|1063
Rec(t='1489779905.91', event='commit_move', piece='m', move_nu='14', move='(4, 4, 2)', instance='Jam-22')|16|54512|445615|109365|952
Rec(t='1489779907.33', event='commit_move', piece='w', move_nu='15', move='(3, 5, 3)', instance='Jam-22')|15|34388|297194|85083|861
Rec(t='1489779908.83', event='commit_move', piece='b', move_nu='16', move='(2, 4, 2)', instance='Jam-22')|14|25679|221819|67462|773
Rec(t='1489779910.68', event='commit_move', piece='g', move_nu='17', move='(1, 3, 2)', instance='Jam-22')|13|16564|152834|54346|657
Rec(t='1489779912.28', event='commit_move', piece='o', move_nu='18', move='(3, 2, 3)', instance='Jam-22')|12|11846|113054|42065|584
Rec(t='1489779915.13', event='commit_move', piece='M', move_nu='19', move='(0, 1, 2)', instance='Jam-22')|12|18175|182688|77099|567
Rec(t='1489779917.01', event='commit_move', piece='p', move_nu='20', move='(5, 0, 2)', instance='Jam-22')|11|4701|48897|23231|297
Rec(t='1489779918.68', event='commit_move', piece='o', move_nu='21', move='(3, 0, 3)', instance='Jam-22')|10|2510|26690|12999|155
Rec(t='1489779920.23', event='commit_move', piece='g', move_nu='22', move='(4, 3, 2)', instance='Jam-22')|9|1426|15438|7439|94
Rec(t='1489779921.38', event='commit_move', piece='b', move_nu='23', move='(2, 3, 2)', instance='Jam-22')|8|291|3120|1718|56
Rec(t='1489779923.58', event='commit_move', piece='B', move_nu='24', move='(1, 3, 2)', instance='Jam-22')|7|70|747|485|38
Rec(t='1489779924.65', event='commit_move', piece='M', move_nu='25', move='(1, 1, 2)', instance='Jam-22')|6|37|401|269|19
Rec(t='1489779926.13', event='commit_move', piece='c', move_nu='26', move='(0, 1, 2)', instance='Jam-22')|5|24|257|176|16
Rec(t='1489779927.52', event='commit_move', piece='l', move_nu='27', move='(0, 3, 2)', instance='Jam-22')|4|17|176|126|15
Rec(t='1489779929.65', event='commit_move', piece='w', move_nu='28', move='(0, 5, 3)', instance='Jam-22')|3|8|78|59|8
Rec(t='1489779931.84', event='commit_move', piece='o', move_nu='29', move='(3, 3, 3)', instance='Jam-22')|2|1|11|11|1
Rec(t='1489779933.44', event='win', piece='r', move_nu='30', move='(4, 2, 2)', instance='Jam-22')|1|0|0|0|0
Rec(t='1489778237.88', event='start', piece='None', move_nu='0', move='None', instance='Jam-2')|9|6209|62982|15545|421
Rec(t='1489778260.54', event='commit_move', piece='y', move_nu='0', move='(1, 0, 3)', instance='Jam-2')|9|11953|125971|50012|527
Rec(t='1489778261.74', event='commit_move', piece='o', move_nu='1', move='(5, 0, 3)', instance='Jam-2')|9|11723|125861|52042|599
Rec(t='1489778263.64', event='commit_move', piece='M', move_nu='2', move='(4, 0, 2)', instance='Jam-2')|8|2232|24168|12068|340
Rec(t='1489778266.13', event='commit_move', piece='w', move_nu='3', move='(3, 3, 3)', instance='Jam-2')|8|3492|43021|22535|486
Rec(t='1489778269.19', event='commit_move', piece='B', move_nu='4', move='(2, 1, 2)', instance='Jam-2')|7|1890|24920|13628|298
Rec(t='1489778271.31', event='commit_move', piece='g', move_nu='5', move='(0, 4, 2)', instance='Jam-2')|6|513|6769|4459|158
Rec(t='1489778273.05', event='commit_move', piece='w', move_nu='6', move='(0, 3, 3)', instance='Jam-2')|7|11342|148698|29612|712
Rec(t='1489778278.02', event='commit_move', piece='w', move_nu='7', move='(3, 3, 3)', instance='Jam-2')|6|541|7086|4630|161
Rec(t='1489778279.75', event='commit_move', piece='B', move_nu='8', move='(2, 4, 2)', instance='Jam-2')|5|47|554|394|31
Rec(t='1489778281.42', event='commit_move', piece='w', move_nu='9', move='(0, 3, 3)', instance='Jam-2')|4|26|305|221|18
Rec(t='1489778284.22', event='commit_move', piece='c', move_nu='10', move='(3, 3, 2)', instance='Jam-2')|3|11|131|101|11
Rec(t='1489778285.89', event='commit_move', piece='o', move_nu='11', move='(5, 3, 3)', instance='Jam-2')|2|4|44|35|4
Rec(t='1489778287.5', event='commit_move', piece='M', move_nu='12', move='(4, 3, 2)', instance='Jam-2')|2|3|42|37|3
Rec(t='1489778290.32', event='win', piece='r', move_nu='13', move='(4, 2, 2)', instance='Jam-2')|1|0|0|0|0
Rec(t='1489778293.57', event='start', piece='None', move_nu='0', move='None', instance='Jam-3')|15|18718|189141|14654|578
Rec(t='1489778310.35', event='commit_move', piece='w', move_nu='0', move='(3, 0, 3)', instance='Jam-3')|14|10191|99724|11271|575
Rec(t='1489778312.57', event='commit_move', piece='b', move_nu='1', move='(3, 3, 2)', instance='Jam-3')|14|14116|139197|19068|578
Rec(t='1489778313.78', event='commit_move', piece='l', move_nu='2', move='(1, 3, 2)', instance='Jam-3')|13|12246|114886|5877|511
Rec(t='1489778315.3', event='commit_move', piece='B', move_nu='3', move='(0, 5, 2)', instance='Jam-3')|12|7523|70549|4080|452
Rec(t='1489778321.64', event='commit_move', piece='y', move_nu='4', move='(5, 0, 3)', instance='Jam-3')|11|6954|64978|5357|455
Rec(t='1489778323.11', event='commit_move', piece='b', move_nu='5', move='(4, 3, 2)', instance='Jam-3')|10|2935|27673|5548|417
Rec(t='1489778324.91', event='commit_move', piece='w', move_nu='6', move='(3, 3, 3)', instance='Jam-3')|9|947|9314|4013|208
Rec(t='1489778331.36', event='commit_move', piece='w', move_nu='7', move='(3, 0, 3)', instance='Jam-3')|10|2899|27288|3629|415
Rec(t='1489778333.16', event='commit_move', piece='b', move_nu='8', move='(2, 3, 2)', instance='Jam-3')|11|6972|65148|3521|456
Rec(t='1489778335.53', event='commit_move', piece='y', move_nu='9', move='(5, 3, 3)', instance='Jam-3')|12|7335|69023|2028|448
Rec(t='1489778337.38', event='commit_move', piece='b', move_nu='10', move='(3, 3, 2)', instance='Jam-3')|12|7409|69897|4015|455
Rec(t='1489778339.98', event='commit_move', piece='y', move_nu='11', move='(5, 0, 3)', instance='Jam-3')|11|7006|65598|5762|456
Rec(t='1489778341.96', event='commit_move', piece='b', move_nu='12', move='(4, 3, 2)', instance='Jam-3')|10|2953|27878|5669|420
Rec(t='1489778344.15', event='commit_move', piece='w', move_nu='13', move='(3, 3, 3)', instance='Jam-3')|9|917|9034|3924|208
Rec(t='1489778346.13', event='commit_move', piece='r', move_nu='14', move='(2, 2, 2)', instance='Jam-3')|8|356|3440|1572|128
Rec(t='1489778348.83', event='commit_move', piece='l', move_nu='15', move='(1, 0, 2)', instance='Jam-3')|7|308|3119|1468|115
Rec(t='1489778350.75', event='commit_move', piece='r', move_nu='16', move='(1, 2, 2)', instance='Jam-3')|6|139|1462|870|70
Rec(t='1489778355.42', event='commit_move', piece='w', move_nu='17', move='(3, 0, 3)', instance='Jam-3')|5|98|1136|718|60
Rec(t='1489778357.82', event='commit_move', piece='b', move_nu='18', move='(0, 3, 2)', instance='Jam-3')|4|39|468|335|27
Rec(t='1489778359.72', event='commit_move', piece='y', move_nu='19', move='(5, 3, 3)', instance='Jam-3')|3|14|166|129|12
Rec(t='1489778361.71', event='commit_move', piece='w', move_nu='20', move='(3, 3, 3)', instance='Jam-3')|2|3|32|27|3
Rec(t='1489778364.04', event='win', piece='r', move_nu='21', move='(4, 2, 2)', instance='Jam-3')|1|0|0|0|0
Rec(t='1489778209.15', event='start', piece='None', move_nu='0', move='None', instance='Jam-1')|9|2766|31743|6429|306
Rec(t='1489778219.42', event='commit_move', piece='w', move_nu='0', move='(2, 0, 2)', instance='Jam-1')|8|965|11174|6473|114
Rec(t='1489778220.65', event='commit_move', piece='b', move_nu='1', move='(0, 0, 3)', instance='Jam-1')|7|525|5981|3488|89
Rec(t='1489778222.42', event='commit_move', piece='y', move_nu='2', move='(0, 3, 2)', instance='Jam-1')|6|181|2012|1246|62
Rec(t='1489778224.39', event='commit_move', piece='B', move_nu='3', move='(0, 5, 3)', instance='Jam-1')|5|61|639|420|37
Rec(t='1489778226.22', event='commit_move', piece='c', move_nu='4', move='(1, 4, 2)', instance='Jam-1')|4|29|314|215|21
Rec(t='1489778229.49', event='commit_move', piece='M', move_nu='5', move='(5, 3, 3)', instance='Jam-1')|3|7|81|64|7
Rec(t='1489778231.19', event='commit_move', piece='l', move_nu='6', move='(3, 3, 3)', instance='Jam-1')|2|1|11|11|1
Rec(t='1489778233.14', event='win', piece='r', move_nu='7', move='(4, 2, 2)', instance='Jam-1')|1|0|0|0|0
Rec(t='1489778437.25', event='start', piece='None', move_nu='0', move='None', instance='Jam-6')|10|4758|49249|12235|419
Rec(t='1489778449.18', event='commit_move', piece='r', move_nu='0', move='(0, 2, 2)', instance='Jam-6')|9|1557|16359|8340|283
Rec(t='1489778450.88', event='commit_move', piece='g', move_nu='1', move='(2, 0, 2)', instance='Jam-6')|8|376|4030|2408|93
Rec(t='1489778454.09', event='commit_move', piece='B', move_nu='2', move='(1, 3, 2)', instance='Jam-6')|7|317|3447|1981|80
Rec(t='1489778455.41', event='commit_move', piece='l', move_nu='3', move='(0, 3, 2)', instance='Jam-6')|6|173|1877|1139|55
Rec(t='1489778459.42', event='commit_move', piece='m', move_nu='4', move='(0, 5, 3)', instance='Jam-6')|5|123|1335|810|45
Rec(t='1489778461.64', event='commit_move', piece='w', move_nu='5', move='(3, 3, 3)', instance='Jam-6')|4|46|507|330|25
Rec(t='1489778463.18', event='commit_move', piece='y', move_nu='6', move='(4, 3, 3)', instance='Jam-6')|3|13|145|105|12
Rec(t='1489778464.86', event='commit_move', piece='o', move_nu='7', move='(5, 3, 3)', instance='Jam-6')|2|2|26|24|2
Rec(t='1489778467.49', event='win', piece='r', move_nu='8', move='(4, 2, 2)', instance='Jam-6')|1|0|0|0|0
Rec(t='1489778468.69', event='start', piece='None', move_nu='0', move='None', instance='Jam-7')|14|299404|3223630|82256|2799
Rec(t='1489778477.53', event='commit_move', piece='c', move_nu='0', move='(4, 1, 2)', instance='Jam-7')|14|360140|3934077|225479|3434
Rec(t='1489778480.6', event='commit_move', piece='y', move_nu='1', move='(3, 0, 2)', instance='Jam-7')|14|378960|4245805|225820|3431
Rec(t='1489778482.02', event='commit_move', piece='c', move_nu='2', move='(4, 4, 2)', instance='Jam-7')|13|245557|2737338|178468|2436
Rec(t='1489778490.35', event='commit_move', piece='g', move_nu='3', move='(1, 3, 2)', instance='Jam-7')|14|438202|4913128|187584|2617
Rec(t='1489778491.74', event='commit_move', piece='l', move_nu='4', move='(5, 4, 2)', instance='Jam-7')|13|419453|4488627|449962|2337
Rec(t='1489778493.16', event='commit_move', piece='B', move_nu='5', move='(5, 2, 2)', instance='Jam-7')|12|376112|3982625|618359|2050
Rec(t='1489778494.62', event='commit_move', piece='y', move_nu='6', move='(4, 0, 2)', instance='Jam-7')|11|156036|1678083|373183|2013
Rec(t='1489778496.04', event='commit_move', piece='M', move_nu='7', move='(3, 0, 2)', instance='Jam-7')|10|51584|560194|163117|1570
Rec(t='1489778498.61', event='commit_move', piece='g', move_nu='8', move='(2, 3, 2)', instance='Jam-7')|9|16312|175500|53518|1056
Rec(t='1489778499.78', event='commit_move', piece='r', move_nu='9', move='(2, 2, 2)', instance='Jam-7')|8|7626|81554|23046|763
Rec(t='1489778501.89', event='commit_move', piece='b', move_nu='10', move='(1, 4, 2)', instance='Jam-7')|7|2848|33435|13591|498
Rec(t='1489778504.36', event='commit_move', piece='g', move_nu='11', move='(0, 3, 2)', instance='Jam-7')|7|2680|32855|14592|473
Rec(t='1489778506.08', event='commit_move', piece='r', move_nu='12', move='(1, 2, 2)', instance='Jam-7')|6|821|11211|6487|247
Rec(t='1489778509.05', event='commit_move', piece='M', move_nu='13', move='(3, 2, 2)', instance='Jam-7')|5|140|2166|1601|82
Rec(t='1489778510.88', event='commit_move', piece='y', move_nu='14', move='(0, 0, 2)', instance='Jam-7')|4|69|1176|931|41
Rec(t='1489778512.77', event='commit_move', piece='M', move_nu='15', move='(3, 0, 2)', instance='Jam-7')|3|34|595|478|25
Rec(t='1489778514.33', event='commit_move', piece='B', move_nu='16', move='(5, 0, 2)', instance='Jam-7')|2|5|96|85|5
Rec(t='1489778515.73', event='win', piece='r', move_nu='17', move='(4, 2, 2)', instance='Jam-7')|1|0|0|0|0
Rec(t='1489778366.7', event='start', piece='None', move_nu='0', move='None', instance='Jam-4')|10|161|1274|342|65
Rec(t='1489778379.78', event='commit_move', piece='l', move_nu='0', move='(0, 3, 3)', instance='Jam-4')|9|151|1204|581|65
Rec(t='1489778381.28', event='commit_move', piece='r', move_nu='1', move='(0, 2, 2)', instance='Jam-4')|8|117|999|550|63
Rec(t='1489778382.88', event='commit_move', piece='b', move_nu='2', move='(2, 0, 2)', instance='Jam-4')|7|88|833|518|47
Rec(t='1489778384.87', event='commit_move', piece='w', move_nu='3', move='(1, 3, 3)', instance='Jam-4')|7|155|1587|978|60
Rec(t='1489778387.15', event='commit_move', piece='B', move_nu='4', move='(5, 0, 2)', instance='Jam-4')|7|146|1551|959|62
Rec(t='1489778392.39', event='commit_move', piece='r', move_nu='5', move='(1, 2, 2)', instance='Jam-4')|6|94|1038|674|41
Rec(t='1489778397.51', event='commit_move', piece='l', move_nu='6', move='(0, 0, 3)', instance='Jam-4')|5|49|553|359|25
Rec(t='1489778400.08', event='commit_move', piece='w', move_nu='7', move='(0, 3, 3)', instance='Jam-4')|4|22|234|162|16
Rec(t='1489778401.63', event='commit_move', piece='c', move_nu='8', move='(0, 5, 3)', instance='Jam-4')|3|9|92|70|9
Rec(t='1489778403.24', event='commit_move', piece='y', move_nu='9', move='(3, 3, 3)', instance='Jam-4')|2|1|10|10|1
Rec(t='1489778404.6', event='win', piece='r', move_nu='10', move='(4, 2, 2)', instance='Jam-4')|1|0|0|0|0
Rec(t='1489778406.63', event='start', piece='None', move_nu='0', move='None', instance='Jam-5')|10|11336|141913|33427|254
Rec(t='1489778420.44', event='commit_move', piece='b', move_nu='0', move='(1, 0, 2)', instance='Jam-5')|9|5206|64841|33828|208
Rec(t='1489778422.3', event='commit_move', piece='o', move_nu='1', move='(0, 0, 3)', instance='Jam-5')|8|1979|24406|12991|159
Rec(t='1489778424.54', event='commit_move', piece='g', move_nu='2', move='(1, 4, 2)', instance='Jam-5')|7|747|9313|5007|107
Rec(t='1489778426.04', event='commit_move', piece='l', move_nu='3', move='(1, 5, 2)', instance='Jam-5')|6|318|3986|2219|69
Rec(t='1489778427.76', event='commit_move', piece='M', move_nu='4', move='(0, 3, 3)', instance='Jam-5')|5|141|1744|1012|52
Rec(t='1489778429.39', event='commit_move', piece='y', move_nu='5', move='(3, 3, 3)', instance='Jam-5')|4|61|707|431|32
Rec(t='1489778431.12', event='commit_move', piece='w', move_nu='6', move='(4, 3, 3)', instance='Jam-5')|3|20|228|156|15
Rec(t='1489778432.83', event='commit_move', piece='m', move_nu='7', move='(5, 4, 2)', instance='Jam-5')|2|5|63|53|5
Rec(t='1489778434.98', event='win', piece='r', move_nu='8', move='(4, 2, 2)', instance='Jam-5')|1|0|0|0|0
Rec(t='1489778516.85', event='start', piece='None', move_nu='0', move='None', instance='Jam-8')|13|25189|181237|21329|357
Rec(t='1489778524.14', event='commit_move', piece='c', move_nu='0', move='(0, 1, 2)', instance='Jam-8')|12|12667|90917|18281|337
Rec(t='1489778526.35', event='commit_move', piece='b', move_nu='1', move='(0, 0, 2)', instance='Jam-8')|11|10848|78137|15510|272
Rec(t='1489778528.19', event='commit_move', piece='B', move_nu='2', move='(2, 0, 2)', instance='Jam-8')|10|5406|38546|7087|222
Rec(t='1489778530.07', event='commit_move', piece='g', move_nu='3', move='(3, 0, 2)', instance='Jam-8')|9|2489|17602|4897|170
Rec(t='1489778537.85', event='commit_move', piece='M', move_nu='4', move='(4, 0, 2)', instance='Jam-8')|8|667|4709|1856|107
Rec(t='1489778540.03', event='commit_move', piece='t', move_nu='5', move='(2, 2, 2)', instance='Jam-8')|9|2231|14731|1757|181
Rec(t='1489778541.46', event='commit_move', piece='o', move_nu='6', move='(2, 4, 3)', instance='Jam-8')|10|2978|20365|2560|192
Rec(t='1489778542.63', event='commit_move', piece='w', move_nu='7', move='(2, 5, 3)', instance='Jam-8')|9|801|5791|2294|111
Rec(t='1489778544.17', event='commit_move', piece='m', move_nu='8', move='(3, 3, 2)', instance='Jam-8')|8|380|2664|1076|85
Rec(t='1489778551.27', event='commit_move', piece='m', move_nu='9', move='(4, 3, 2)', instance='Jam-8')|9|793|5733|895|111
Rec(t='1489778552.35', event='commit_move', piece='o', move_nu='10', move='(3, 4, 3)', instance='Jam-8')|8|539|3728|1420|95
Rec(t='1489778553.29', event='commit_move', piece='w', move_nu='11', move='(3, 5, 3)', instance='Jam-8')|9|2226|14640|1789|181
Rec(t='1489778554.82', event='commit_move', piece='t', move_nu='12', move='(2, 4, 2)', instance='Jam-8')|8|677|4764|1886|107
Rec(t='1489778557.54', event='commit_move', piece='r', move_nu='13', move='(3, 2, 2)', instance='Jam-8')|7|124|799|328|37
Rec(t='1489778559.46', event='commit_move', piece='t', move_nu='14', move='(2, 2, 2)', instance='Jam-8')|6|51|251|56|15
Rec(t='1489778560.69', event='commit_move', piece='o', move_nu='15', move='(2, 4, 3)', instance='Jam-8')|5|15|69|21|9
Rec(t='1489778561.77', event='commit_move', piece='w', move_nu='16', move='(2, 5, 3)', instance='Jam-8')|4|5|22|11|5
Rec(t='1489778563.11', event='commit_move', piece='m', move_nu='17', move='(3, 3, 2)', instance='Jam-8')|3|4|19|10|4
Rec(t='1489778567.39', event='commit_move', piece='y', move_nu='18', move='(5, 3, 3)', instance='Jam-8')|2|1|4|4|1
Rec(t='1489778567.98', event='win', piece='r', move_nu='19', move='(4, 2, 2)', instance='Jam-8')|1|0|0|0|0
Rec(t='1489778568.79', event='start', piece='None', move_nu='0', move='None', instance='Jam-9')|13|6995|64910|18135|269
Rec(t='1489778583.03', event='commit_move', piece='r', move_nu='0', move='(1, 2, 2)', instance='Jam-9')|12|6175|57338|17692|268
Rec(t='1489778585.57', event='commit_move', piece='o', move_nu='1', move='(0, 0, 3)', instance='Jam-9')|11|5351|49769|15538|269
Rec(t='1489778587.02', event='commit_move', piece='w', move_nu='2', move='(0, 3, 3)', instance='Jam-9')|10|4560|42600|13435|271
Rec(t='1489778590.07', event='commit_move', piece='B', move_nu='3', move='(3, 4, 2)', instance='Jam-9')|9|4004|37317|13154|219
Rec(t='1489778596.24', event='commit_move', piece='g', move_nu='4', move='(2, 1, 2)', instance='Jam-9')|8|561|5249|2870|108
Rec(t='1489778597.52', event='commit_move', piece='r', move_nu='5', move='(2, 2, 2)', instance='Jam-9')|7|277|2634|1624|60
Rec(t='1489778599.11', event='commit_move', piece='b', move_nu='6', move='(1, 1, 2)', instance='Jam-9')|6|192|1867|1172|48
Rec(t='1489778600.18', event='commit_move', piece='c', move_nu='7', move='(1, 0, 2)', instance='Jam-9')|5|92|896|581|36
Rec(t='1489778601.49', event='commit_move', piece='M', move_nu='8', move='(3, 0, 2)', instance='Jam-9')|4|45|443|299|24
Rec(t='1489778603.88', event='commit_move', piece='l', move_nu='9', move='(5, 0, 2)', instance='Jam-9')|3|13|125|95|12
Rec(t='1489778605.38', event='commit_move', piece='y', move_nu='10', move='(4, 3, 3)', instance='Jam-9')|2|3|34|30|3
Rec(t='1489778606.46', event='win', piece='r', move_nu='11', move='(4, 2, 2)', instance='Jam-9')|1|0|0|0|0
Rec(t='1489779098.05', event='start', piece='None', move_nu='0', move='None', instance='Jam-14')|17|5361|59086|2550|5361
Rec(t='1489779100.21', event='commit_move', piece='w', move_nu='0', move='(3, 4, 2)', instance='Jam-14')|17|5748|64512|2603|5748
Rec(t='1489779122.54', event='commit_move', piece='B', move_nu='1', move='(0, 3, 2)', instance='Jam-14')|16|4989|55338|2588|4989
Rec(t='1489779123.34', event='commit_move', piece='g', move_nu='2', move='(1, 3, 2)', instance='Jam-14')|15|4421|48829|2253|4421
Rec(t='1489779128.76', event='commit_move', piece='g', move_nu='3', move='(1, 1, 2)', instance='Jam-14')|16|5748|64520|339|5748
Rec(t='1489779130.16', event='commit_move', piece='B', move_nu='4', move='(0, 1, 2)', instance='Jam-14')|15|4109|45022|2033|4109
Rec(t='1489779131.96', event='commit_move', piece='p', move_nu='5', move='(0, 3, 2)', instance='Jam-14')|14|3296|36304|1752|3296
Rec(t='1489779133.14', event='commit_move', piece='o', move_nu='6', move='(2, 3, 2)', instance='Jam-14')|13|2857|31322|1405|2857
Rec(t='1489779134.86', event='commit_move', piece='y', move_nu='7', move='(4, 5, 2)', instance='Jam-14')|12|2420|26024|1209|2420
Rec(t='1489779137.89', event='commit_move', piece='o', move_nu='8', move='(2, 4, 2)', instance='Jam-14')|11|2382|25759|1201|2382
Rec(t='1489779139.16', event='commit_move', piece='p', move_nu='9', move='(2, 3, 2)', instance='Jam-14')|10|2278|24930|1269|2278
Rec(t='1489779140.44', event='commit_move', piece='g', move_nu='10', move='(1, 4, 2)', instance='Jam-14')|9|2075|22993|1224|2075
Rec(t='1489779144.2', event='commit_move', piece='B', move_nu='11', move='(0, 4, 2)', instance='Jam-14')|8|1757|19856|1291|1757
Rec(t='1489779146.82', event='commit_move', piece='p', move_nu='12', move='(0, 3, 2)', instance='Jam-14')|7|1076|12568|1337|1076
Rec(t='1489779148.48', event='commit_move', piece='r', move_nu='13', move='(0, 2, 2)', instance='Jam-14')|6|769|9170|1236|769
Rec(t='1489779150.1', event='commit_move', piece='c', move_nu='14', move='(2, 2, 2)', instance='Jam-14')|5|416|5466|865|416
Rec(t='1489779154.65', event='commit_move', piece='M', move_nu='15', move='(0, 1, 2)', instance='Jam-14')|4|262|3638|771|262
Rec(t='1489779155.97', event='commit_move', piece='l', move_nu='16', move='(4, 0, 2)', instance='Jam-14')|3|74|982|323|74
Rec(t='1489779157.89', event='commit_move', piece='m', move_nu='17', move='(5, 0, 2)', instance='Jam-14')|2|39|528|240|39
Rec(t='1489779159.27', event='commit_move', piece='c', move_nu='18', move='(2, 0, 2)', instance='Jam-14')|2|13|227|130|13
Rec(t='1489779160.62', event='win', piece='r', move_nu='19', move='(4, 2, 2)', instance='Jam-14')|1|0|0|0|0
Rec(t='1489779162.29', event='start', piece='None', move_nu='0', move='None', instance='Jam-15')|23|517|3161|6|517
Rec(t='1489779185.7', event='commit_move', piece='n', move_nu='0', move='(4, 5, 2)', instance='Jam-15')|22|517|3161|7|517
Rec(t='1489779186.7', event='commit_move', piece='t', move_nu='1', move='(2, 5, 2)', instance='Jam-15')|21|517|3161|7|517
Rec(t='1489779187.69', event='commit_move', piece='p', move_nu='2', move='(1, 3, 3)', instance='Jam-15')|20|518|3166|8|518
Rec(t='1489779188.77', event='commit_move', piece='w', move_nu='3', move='(0, 3, 3)', instance='Jam-15')|19|517|3161|7|517
Rec(t='1489779190.03', event='commit_move', piece='r', move_nu='4', move='(1, 2, 2)', instance='Jam-15')|19|517|3161|6|517
Rec(t='1489779191.27', event='commit_move', piece='r', move_nu='5', move='(0, 2, 2)', instance='Jam-15')|18|518|3166|8|518
Rec(t='1489779192.62', event='commit_move', piece='g', move_nu='6', move='(2, 2, 2)', instance='Jam-15')|17|488|3017|30|488
Rec(t='1489779194.05', event='commit_move', piece='l', move_nu='7', move='(3, 2, 2)', instance='Jam-15')|16|418|2603|64|418
Rec(t='1489779195.6', event='commit_move', piece='m', move_nu='8', move='(2, 4, 2)', instance='Jam-15')|15|312|1927|68|312
Rec(t='1489779197.12', event='commit_move', piece='y', move_nu='9', move='(4, 2, 3)', instance='Jam-15')|14|219|1310|53|219
Rec(t='1489779198.26', event='commit_move', piece='o', move_nu='10', move='(5, 2, 3)', instance='Jam-15')|13|172|1027|54|172
Rec(t='1489779199.79', event='commit_move', piece='B', move_nu='11', move='(4, 1, 2)', instance='Jam-15')|12|125|741|50|125
Rec(t='1489779204.68', event='commit_move', piece='c', move_nu='12', move='(4, 0, 2)', instance='Jam-15')|11|90|530|59|90
Rec(t='1489779205.84', event='commit_move', piece='b', move_nu='13', move='(0, 0, 2)', instance='Jam-15')|10|71|423|61|71
Rec(t='1489779207.28', event='commit_move', piece='g', move_nu='14', move='(2, 0, 2)', instance='Jam-15')|9|37|198|47|37
Rec(t='1489779208.75', event='commit_move', piece='l', move_nu='15', move='(3, 0, 2)', instance='Jam-15')|8|24|102|25|24
Rec(t='1489779210.03', event='commit_move', piece='r', move_nu='16', move='(2, 2, 2)', instance='Jam-15')|7|18|70|16|18
Rec(t='1489779211.13', event='commit_move', piece='p', move_nu='17', move='(1, 2, 3)', instance='Jam-15')|6|12|43|9|12
Rec(t='1489779212.66', event='commit_move', piece='w', move_nu='18', move='(0, 2, 3)', instance='Jam-15')|5|11|42|10|11
Rec(t='1489779215.48', event='commit_move', piece='t', move_nu='19', move='(0, 5, 2)', instance='Jam-15')|4|9|34|9|9
Rec(t='1489779217.17', event='commit_move', piece='n', move_nu='20', move='(2, 5, 2)', instance='Jam-15')|3|5|18|7|5
Rec(t='1489779218.77', event='commit_move', piece='y', move_nu='21', move='(4, 3, 3)', instance='Jam-15')|2|3|11|6|3
Rec(t='1489779220.19', event='commit_move', piece='o', move_nu='22', move='(5, 3, 3)', instance='Jam-15')|2|1|4|4|1
Rec(t='1489779221.37', event='win', piece='r', move_nu='23', move='(4, 2, 2)', instance='Jam-15')|1|0|0|0|0
Rec(t='1489779222.19', event='start', piece='None', move_nu='0', move='None', instance='Jam-16')|21|1911|17461|174|1911
Rec(t='1489779237.17', event='commit_move', piece='m', move_nu='0', move='(4, 5, 2)', instance='Jam-16')|20|1927|17577|257|1927
Rec(t='1489779238.51', event='commit_move', piece='l', move_nu='1', move='(1, 4, 2)', instance='Jam-16')|19|1926|17572|253|1926
Rec(t='1489779240.19', event='commit_move', piece='B', move_nu='2', move='(0, 3, 2)', instance='Jam-16')|18|1871|17162|263|1871
Rec(t='1489779241.78', event='commit_move', piece='B', move_nu='3', move='(0, 4, 2)', instance='Jam-16')|19|1970|17900|10|1970
Rec(t='1489779243.33', event='commit_move', piece='o', move_nu='4', move='(2, 3, 3)', instance='Jam-16')|18|1966|17874|234|1966
Rec(t='1489779245.0', event='commit_move', piece='r', move_nu='5', move='(0, 2, 2)', instance='Jam-16')|17|1960|17836|235|1960
Rec(t='1489779246.95', event='commit_move', piece='g', move_nu='6', move='(0, 1, 2)', instance='Jam-16')|16|1924|17592|246|1924
Rec(t='1489779249.03', event='commit_move', piece='M', move_nu='7', move='(4, 1, 2)', instance='Jam-16')|15|1930|17647|264|1930
Rec(t='1489779250.56', event='commit_move', piece='c', move_nu='8', move='(3, 0, 2)', instance='Jam-16')|14|1868|17126|308|1868
Rec(t='1489779252.3', event='commit_move', piece='o', move_nu='9', move='(2, 0, 3)', instance='Jam-16')|13|1603|14443|489|1603
Rec(t='1489779253.98', event='commit_move', piece='w', move_nu='10', move='(0, 3, 3)', instance='Jam-16')|12|1170|10202|597|1170
Rec(t='1489779255.93', event='commit_move', piece='y', move_nu='11', move='(5, 2, 3)', instance='Jam-16')|13|1183|10298|2|1183
Rec(t='1489779257.07', event='commit_move', piece='c', move_nu='12', move='(4, 0, 2)', instance='Jam-16')|14|1168|10186|17|1168
Rec(t='1489779262.75', event='commit_move', piece='c', move_nu='13', move='(3, 0, 2)', instance='Jam-16')|13|1175|10243|598|1175
Rec(t='1489779265.59', event='commit_move', piece='m', move_nu='14', move='(2, 5, 2)', instance='Jam-16')|12|959|8115|525|959
Rec(t='1489779266.99', event='commit_move', piece='y', move_nu='15', move='(5, 3, 3)', instance='Jam-16')|12|965|8165|310|965
Rec(t='1489779268.96', event='commit_move', piece='M', move_nu='16', move='(4, 3, 2)', instance='Jam-16')|12|835|6969|284|835
Rec(t='1489779270.82', event='commit_move', piece='m', move_nu='17', move='(3, 5, 2)', instance='Jam-16')|13|1001|8582|15|1001
Rec(t='1489779275.48', event='commit_move', piece='c', move_nu='18', move='(4, 0, 2)', instance='Jam-16')|14|1011|8653|5|1011
Rec(t='1489779276.7', event='commit_move', piece='M', move_nu='19', move='(4, 1, 2)', instance='Jam-16')|14|1189|10379|354|1189
Rec(t='1489779279.41', event='commit_move', piece='m', move_nu='20', move='(2, 5, 2)', instance='Jam-16')|13|971|8209|535|971
Rec(t='1489779283.77', event='commit_move', piece='c', move_nu='21', move='(3, 0, 2)', instance='Jam-16')|12|969|8192|534|969
Rec(t='1489779285.4', event='commit_move', piece='y', move_nu='22', move='(5, 0, 3)', instance='Jam-16')|11|962|8142|528|962
Rec(t='1489779286.87', event='commit_move', piece='w', move_nu='23', move='(3, 3, 3)', instance='Jam-16')|12|1309|11485|6|1309
Rec(t='1489779288.55', event='commit_move', piece='o', move_nu='24', move='(2, 2, 3)', instance='Jam-16')|13|1492|13301|16|1492
Rec(t='1489779290.54', event='commit_move', piece='m', move_nu='25', move='(4, 5, 2)', instance='Jam-16')|14|1782|16184|12|1782
Rec(t='1489779291.59', event='commit_move', piece='o', move_nu='26', move='(2, 3, 3)', instance='Jam-16')|14|1875|17178|224|1875
Rec(t='1489779293.17', event='commit_move', piece='r', move_nu='27', move='(2, 2, 2)', instance='Jam-16')|15|1901|17413|17|1901
Rec(t='1489779294.54', event='commit_move', piece='l', move_nu='28', move='(1, 2, 2)', instance='Jam-16')|16|1955|17799|14|1955
Rec(t='1489779296.51', event='commit_move', piece='B', move_nu='29', move='(0, 2, 2)', instance='Jam-16')|16|1904|17417|183|1904
Rec(t='1489779300.44', event='restart', piece='g', move_nu='30', move='(0, 1, 2)', instance='Jam-16')|16|1904|17419|187|1904
Rec(t='1489779301.68', event='start', piece='None', move_nu='0', move='None', instance='Jam-16')|21|1913|17478|179|1913
Rec(t='1489779314.43', event='commit_move', piece='B', move_nu='0', move='(0, 2, 2)', instance='Jam-16')|21|1913|17474|174|1913
Rec(t='1489779315.92', event='commit_move', piece='g', move_nu='1', move='(0, 1, 2)', instance='Jam-16')|20|1915|17498|261|1915
Rec(t='1489779321.88', event='commit_move', piece='o', move_nu='2', move='(2, 3, 3)', instance='Jam-16')|19|1854|17035|258|1854
Rec(t='1489779323.5', event='commit_move', piece='r', move_nu='3', move='(2, 2, 2)', instance='Jam-16')|19|1877|17213|195|1877
Rec(t='1489779325.84', event='commit_move', piece='M', move_nu='4', move='(4, 1, 2)', instance='Jam-16')|18|1843|16908|284|1843
Rec(t='1489779327.12', event='commit_move', piece='c', move_nu='5', move='(3, 0, 2)', instance='Jam-16')|17|1830|16746|318|1830
Rec(t='1489779328.42', event='commit_move', piece='b', move_nu='6', move='(1, 0, 2)', instance='Jam-16')|18|1850|16973|19|1850
Rec(t='1489779329.62', event='commit_move', piece='g', move_nu='7', move='(1, 1, 2)', instance='Jam-16')|19|1874|17186|5|1874
Rec(t='1489779331.44', event='commit_move', piece='B', move_nu='8', move='(0, 0, 2)', instance='Jam-16')|19|1864|17110|194|1864
Rec(t='1489779335.09', event='commit_move', piece='l', move_nu='9', move='(1, 3, 2)', instance='Jam-16')|18|1860|17091|279|1860
Rec(t='1489779336.59', event='commit_move', piece='r', move_nu='10', move='(0, 2, 2)', instance='Jam-16')|19|1869|17151|10|1869
Rec(t='1489779338.09', event='commit_move', piece='o', move_nu='11', move='(2, 2, 3)', instance='Jam-16')|20|1866|17133|13|1866
Rec(t='1489779344.31', event='commit_move', piece='o', move_nu='12', move='(2, 3, 3)', instance='Jam-16')|19|1857|17057|265|1857
Rec(t='1489779346.6', event='commit_move', piece='g', move_nu='13', move='(2, 1, 2)', instance='Jam-16')|19|1864|17109|195|1864
Rec(t='1489779347.58', event='commit_move', piece='r', move_nu='14', move='(2, 2, 2)', instance='Jam-16')|18|1873|17180|268|1873
Rec(t='1489779348.91', event='commit_move', piece='B', move_nu='15', move='(0, 3, 2)', instance='Jam-16')|17|1843|16926|273|1843
Rec(t='1489779350.01', event='commit_move', piece='b', move_nu='16', move='(0, 0, 2)', instance='Jam-16')|16|1842|16912|287|1842
Rec(t='1489779351.15', event='commit_move', piece='g', move_nu='17', move='(0, 1, 2)', instance='Jam-16')|15|1677|15225|422|1677
Rec(t='1489779352.72', event='commit_move', piece='r', move_nu='18', move='(0, 2, 2)', instance='Jam-16')|14|1617|14634|478|1617
Rec(t='1489779354.5', event='commit_move', piece='o', move_nu='19', move='(2, 0, 3)', instance='Jam-16')|13|1510|13544|528|1510
Rec(t='1489779356.73', event='commit_move', piece='m', move_nu='20', move='(4, 5, 2)', instance='Jam-16')|13|1586|14396|379|1586
Rec(t='1489779357.65', event='commit_move', piece='l', move_nu='21', move='(1, 4, 2)', instance='Jam-16')|12|1307|11738|613|1307
Rec(t='1489779359.07', event='commit_move', piece='B', move_nu='22', move='(0, 4, 2)', instance='Jam-16')|13|1608|14486|10|1608
Rec(t='1489779366.37', event='commit_move', piece='w', move_nu='23', move='(0, 3, 3)', instance='Jam-16')|12|1181|10285|603|1181
Rec(t='1489779373.43', event='commit_move', piece='w', move_nu='24', move='(3, 3, 3)', instance='Jam-16')|13|1607|14488|11|1607
Rec(t='1489779374.94', event='commit_move', piece='o', move_nu='25', move='(2, 3, 3)', instance='Jam-16')|14|1874|17167|3|1874
Rec(t='1489779378.93', event='commit_move', piece='r', move_nu='26', move='(2, 2, 2)', instance='Jam-16')|15|1909|17469|9|1909
Rec(t='1489779380.76', event='commit_move', piece='c', move_nu='27', move='(2, 0, 2)', instance='Jam-16')|16|1938|17674|18|1938
Rec(t='1489779382.05', event='commit_move', piece='M', move_nu='28', move='(4, 0, 2)', instance='Jam-16')|17|1963|17859|10|1963
Rec(t='1489779383.27', event='commit_move', piece='r', move_nu='29', move='(3, 2, 2)', instance='Jam-16')|17|1951|17771|166|1951
Rec(t='1489779400.31', event='commit_move', piece='r', move_nu='30', move='(2, 2, 2)', instance='Jam-16')|17|1960|17834|168|1960
Rec(t='1489779401.19', event='commit_move', piece='M', move_nu='31', move='(4, 1, 2)', instance='Jam-16')|16|1941|17700|245|1941
Rec(t='1489779402.59', event='commit_move', piece='c', move_nu='32', move='(3, 0, 2)', instance='Jam-16')|15|1917|17529|288|1917
Rec(t='1489779413.73', event='commit_move', piece='l', move_nu='33', move='(1, 3, 2)', instance='Jam-16')|16|1965|17855|15|1965
Rec(t='1489779415.58', event='commit_move', piece='B', move_nu='34', move='(0, 3, 2)', instance='Jam-16')|15|1845|16978|266|1845
Rec(t='1489779416.77', event='commit_move', piece='r', move_nu='35', move='(0, 2, 2)', instance='Jam-16')|14|1838|16929|292|1838
Rec(t='1489779418.33', event='commit_move', piece='o', move_nu='36', move='(2, 0, 3)', instance='Jam-16')|13|1574|14300|481|1574
Rec(t='1489779421.85', event='commit_move', piece='m', move_nu='37', move='(0, 5, 2)', instance='Jam-16')|13|1514|13581|392|1514
Rec(t='1489779427.34', event='commit_move', piece='o', move_nu='38', move='(2, 3, 3)', instance='Jam-16')|14|1627|14706|11|1627
Rec(t='1489779434.21', event='commit_move', piece='g', move_nu='39', move='(1, 1, 2)', instance='Jam-16')|15|1822|16715|19|1822
Rec(t='1489779435.97', event='commit_move', piece='g', move_nu='40', move='(2, 1, 2)', instance='Jam-16')|15|1821|16738|212|1821
Rec(t='1489779437.19', event='commit_move', piece='b', move_nu='41', move='(1, 0, 2)', instance='Jam-16')|16|1839|16870|19|1839
Rec(t='1489779438.49', event='commit_move', piece='r', move_nu='42', move='(2, 2, 2)', instance='Jam-16')|17|1857|17037|10|1857
Rec(t='1489779439.99', event='commit_move', piece='B', move_nu='43', move='(0, 0, 2)', instance='Jam-16')|18|1874|17191|5|1874
Rec(t='1489779442.09', event='commit_move', piece='l', move_nu='44', move='(1, 1, 2)', instance='Jam-16')|19|1852|17020|27|1852
Rec(t='1489779447.42', event='restart', piece='None', move_nu='45', move='None', instance='Jam-16')|19|1867|17135|197|1867
Rec(t='1489779448.65', event='start', piece='None', move_nu='0', move='None', instance='Jam-16')|21|1921|17534|179|1921
Rec(t='1489779467.82', event='commit_move', piece='o', move_nu='0', move='(2, 3, 3)', instance='Jam-16')|20|1878|17221|270|1878
Rec(t='1489779472.21', event='commit_move', piece='l', move_nu='1', move='(1, 3, 2)', instance='Jam-16')|19|1875|17200|273|1875
Rec(t='1489779475.74', event='commit_move', piece='B', move_nu='2', move='(0, 3, 2)', instance='Jam-16')|18|1870|17162|276|1870
Rec(t='1489779477.55', event='commit_move', piece='g', move_nu='3', move='(0, 1, 2)', instance='Jam-16')|17|1843|16962|285|1843
Rec(t='1489779479.2', event='commit_move', piece='r', move_nu='4', move='(2, 2, 2)', instance='Jam-16')|17|1805|16552|228|1805
Rec(t='1489779480.38', event='commit_move', piece='M', move_nu='5', move='(4, 1, 2)', instance='Jam-16')|16|1818|16655|317|1818
Rec(t='1489779481.72', event='commit_move', piece='c', move_nu='6', move='(3, 0, 2)', instance='Jam-16')|15|1684|15279|433|1684
Rec(t='1489779483.93', event='commit_move', piece='r', move_nu='7', move='(0, 2, 2)', instance='Jam-16')|14|1616|14617|468|1616
Rec(t='1489779485.47', event='commit_move', piece='o', move_nu='8', move='(2, 0, 3)', instance='Jam-16')|13|1514|13579|533|1514
Rec(t='1489779487.68', event='commit_move', piece='m', move_nu='9', move='(4, 5, 2)', instance='Jam-16')|13|1591|14420|360|1591
Rec(t='1489779488.6', event='commit_move', piece='l', move_nu='10', move='(1, 4, 2)', instance='Jam-16')|12|1321|11844|625|1321
Rec(t='1489779489.94', event='commit_move', piece='B', move_nu='11', move='(0, 4, 2)', instance='Jam-16')|13|1610|14505|8|1610
Rec(t='1489779491.6', event='commit_move', piece='w', move_nu='12', move='(0, 3, 3)', instance='Jam-16')|12|1175|10232|584|1175
Rec(t='1489779493.6', event='commit_move', piece='M', move_nu='13', move='(4, 3, 2)', instance='Jam-16')|12|1013|8672|326|1013
Rec(t='1489779495.15', event='commit_move', piece='m', move_nu='14', move='(2, 5, 2)', instance='Jam-16')|11|839|6999|463|839
Rec(t='1489779496.37', event='commit_move', piece='M', move_nu='15', move='(4, 4, 2)', instance='Jam-16')|10|775|6378|388|775
Rec(t='1489779497.97', event='commit_move', piece='y', move_nu='16', move='(5, 3, 3)', instance='Jam-16')|11|773|6373|9|773
Rec(t='1489779499.91', event='commit_move', piece='y', move_nu='17', move='(5, 0, 3)', instance='Jam-16')|10|771|6352|389|771
Rec(t='1489779501.54', event='commit_move', piece='w', move_nu='18', move='(3, 3, 3)', instance='Jam-16')|9|683|5549|292|683
Rec(t='1489779504.52', event='commit_move', piece='l', move_nu='19', move='(1, 3, 2)', instance='Jam-16')|8|480|3938|345|480
Rec(t='1489779505.79', event='commit_move', piece='B', move_nu='20', move='(0, 3, 2)', instance='Jam-16')|7|319|2637|334|319
Rec(t='1489779508.44', event='commit_move', piece='m', move_nu='21', move='(0, 5, 2)', instance='Jam-16')|6|160|1284|272|160
Rec(t='1489779510.19', event='commit_move', piece='o', move_nu='22', move='(2, 3, 3)', instance='Jam-16')|5|89|723|213|89
Rec(t='1489779513.0', event='commit_move', piece='r', move_nu='23', move='(3, 2, 2)', instance='Jam-16')|4|32|300|131|32
Rec(t='1489779514.93', event='commit_move', piece='o', move_nu='24', move='(2, 0, 3)', instance='Jam-16')|3|18|156|57|18
Rec(t='1489779516.01', event='commit_move', piece='w', move_nu='25', move='(2, 3, 3)', instance='Jam-16')|2|11|95|38|11
Rec(t='1489779517.72', event='commit_move', piece='y', move_nu='26', move='(5, 3, 3)', instance='Jam-16')|2|6|56|35|6
Rec(t='1489779518.72', event='win', piece='r', move_nu='27', move='(4, 2, 2)', instance='Jam-16')|1|0|0|0|0
Rec(t='1489779519.45', event='start', piece='None', move_nu='0', move='None', instance='Jam-17')|24|1659|15735|312|1659
Rec(t='1489779532.32', event='commit_move', piece='c', move_nu='0', move='(1, 1, 2)', instance='Jam-17')|23|1651|15665|318|1651
Rec(t='1489779542.54', event='commit_move', piece='o', move_nu='1', move='(3, 1, 3)', instance='Jam-17')|22|1654|15691|319|1654
Rec(t='1489779543.61', event='commit_move', piece='l', move_nu='2', move='(4, 2, 2)', instance='Jam-17')|21|1655|15699|322|1655
Rec(t='1489779545.03', event='commit_move', piece='m', move_nu='3', move='(5, 2, 2)', instance='Jam-17')|20|1651|15665|318|1651
Rec(t='1489779547.26', event='commit_move', piece='w', move_nu='4', move='(3, 4, 3)', instance='Jam-17')|19|1655|15699|320|1655
Rec(t='1489779549.61', event='commit_move', piece='p', move_nu='5', move='(3, 5, 3)', instance='Jam-17')|18|1656|15709|321|1656
Rec(t='1489779550.88', event='commit_move', piece='B', move_nu='6', move='(2, 4, 2)', instance='Jam-17')|17|1651|15665|318|1651
Rec(t='1489779552.38', event='commit_move', piece='r', move_nu='7', move='(1, 2, 2)', instance='Jam-17')|16|1652|15673|319|1652
Rec(t='1489779553.38', event='commit_move', piece='g', move_nu='8', move='(1, 3, 2)', instance='Jam-17')|15|1655|15697|320|1655
Rec(t='1489779555.65', event='commit_move', piece='b', move_nu='9', move='(0, 4, 2)', instance='Jam-17')|14|1652|15675|320|1652
Rec(t='1489779557.17', event='commit_move', piece='y', move_nu='10', move='(0, 0, 3)', instance='Jam-17')|14|1747|16528|273|1747
Rec(t='1489779558.42', event='commit_move', piece='c', move_nu='11', move='(0, 1, 2)', instance='Jam-17')|13|1618|15268|412|1618
Rec(t='1489779559.55', event='commit_move', piece='o', move_nu='12', move='(3, 0, 3)', instance='Jam-17')|14|1727|16144|13|1727
Rec(t='1489779564.3', event='commit_move', piece='o', move_nu='13', move='(3, 1, 3)', instance='Jam-17')|13|1625|15330|416|1625
Rec(t='1489779566.91', event='commit_move', piece='r', move_nu='14', move='(0, 2, 2)', instance='Jam-17')|12|1166|10930|532|1166
Rec(t='1489779568.11', event='commit_move', piece='g', move_nu='15', move='(0, 3, 2)', instance='Jam-17')|11|1036|9780|344|1036
Rec(t='1489779569.96', event='commit_move', piece='B', move_nu='16', move='(2, 1, 2)', instance='Jam-17')|11|1151|10918|221|1151
Rec(t='1489779571.39', event='commit_move', piece='w', move_nu='17', move='(2, 4, 3)', instance='Jam-17')|11|1121|10732|227|1121
Rec(t='1489779574.94', event='commit_move', piece='w', move_nu='18', move='(3, 4, 3)', instance='Jam-17')|11|1151|10918|220|1151
Rec(t='1489779576.03', event='commit_move', piece='g', move_nu='19', move='(1, 3, 2)', instance='Jam-17')|10|624|6086|475|624
Rec(t='1489779577.61', event='commit_move', piece='b', move_nu='20', move='(0, 3, 2)', instance='Jam-17')|10|571|5463|237|571
Rec(t='1489779579.68', event='commit_move', piece='y', move_nu='21', move='(3, 0, 3)', instance='Jam-17')|9|413|3946|317|413
Rec(t='1489779582.7', event='commit_move', piece='B', move_nu='22', move='(2, 0, 2)', instance='Jam-17')|8|188|1647|232|188
Rec(t='1489779584.87', event='commit_move', piece='r', move_nu='23', move='(1, 2, 2)', instance='Jam-17')|7|110|925|132|110
Rec(t='1489779587.42', event='commit_move', piece='b', move_nu='24', move='(0, 2, 2)', instance='Jam-17')|6|89|752|110|89
Rec(t='1489779589.1', event='commit_move', piece='w', move_nu='25', move='(0, 4, 3)', instance='Jam-17')|5|65|550|100|65
Rec(t='1489779590.97', event='commit_move', piece='p', move_nu='26', move='(0, 5, 3)', instance='Jam-17')|4|40|348|90|40
Rec(t='1489779592.77', event='commit_move', piece='o', move_nu='27', move='(3, 3, 3)', instance='Jam-17')|3|25|204|53|25
Rec(t='1489779594.47', event='commit_move', piece='r', move_nu='28', move='(2, 2, 2)', instance='Jam-17')|3|25|194|29|25
Rec(t='1489779596.44', event='commit_move', piece='l', move_nu='29', move='(4, 4, 2)', instance='Jam-17')|2|8|62|27|8
Rec(t='1489779598.14', event='commit_move', piece='m', move_nu='30', move='(5, 3, 2)', instance='Jam-17')|2|3|26|18|3
Rec(t='1489779599.79', event='win', piece='r', move_nu='31', move='(4, 2, 2)', instance='Jam-17')|1|0|0|0|0
Rec(t='1489778607.52', event='start', piece='None', move_nu='0', move='None', instance='Jam-10')|17|1360|11775|204|1360
Rec(t='1489778629.87', event='commit_move', piece='M', move_nu='0', move='(3, 0, 2)', instance='Jam-10')|16|1363|11797|231|1363
Rec(t='1489778630.92', event='commit_move', piece='y', move_nu='1', move='(5, 0, 3)', instance='Jam-10')|15|1359|11763|225|1359
Rec(t='1489778632.29', event='commit_move', piece='r', move_nu='2', move='(3, 2, 2)', instance='Jam-10')|14|1340|11659|244|1340
Rec(t='1489778633.63', event='commit_move', piece='w', move_nu='3', move='(3, 3, 3)', instance='Jam-10')|13|1338|11642|242|1338
Rec(t='1489778635.61', event='commit_move', piece='c', move_nu='4', move='(2, 4, 2)', instance='Jam-10')|12|1262|11022|298|1262
Rec(t='1489778637.16', event='commit_move', piece='b', move_nu='5', move='(1, 0, 2)', instance='Jam-10')|11|966|8546|426|966
Rec(t='1489778639.91', event='commit_move', piece='B', move_nu='6', move='(1, 1, 2)', instance='Jam-10')|10|672|6118|501|672
Rec(t='1489778641.31', event='commit_move', piece='o', move_nu='7', move='(0, 0, 3)', instance='Jam-10')|9|409|3636|480|409
Rec(t='1489778652.2', event='commit_move', piece='w', move_nu='8', move='(0, 3, 3)', instance='Jam-10')|8|265|2305|343|265
Rec(t='1489778654.19', event='commit_move', piece='w', move_nu='9', move='(3, 3, 3)', instance='Jam-10')|9|405|3602|5|405
Rec(t='1489778655.54', event='commit_move', piece='B', move_nu='10', move='(3, 1, 2)', instance='Jam-10')|10|660|5860|9|660
Rec(t='1489778657.27', event='commit_move', piece='c', move_nu='11', move='(2, 1, 2)', instance='Jam-10')|11|800|6986|4|800
Rec(t='1489778669.04', event='commit_move', piece='c', move_nu='12', move='(2, 4, 2)', instance='Jam-10')|10|666|5907|498|666
Rec(t='1489778670.88', event='commit_move', piece='w', move_nu='13', move='(0, 3, 3)', instance='Jam-10')|9|403|3484|393|403
Rec(t='1489778674.61', event='commit_move', piece='r', move_nu='14', move='(1, 2, 2)', instance='Jam-10')|8|278|2337|319|278
Rec(t='1489778684.63', event='commit_move', piece='B', move_nu='15', move='(1, 1, 2)', instance='Jam-10')|7|187|1589|262|187
Rec(t='1489778687.65', event='commit_move', piece='y', move_nu='16', move='(5, 1, 3)', instance='Jam-10')|6|118|1010|204|118
Rec(t='1489778689.44', event='commit_move', piece='M', move_nu='17', move='(4, 0, 2)', instance='Jam-10')|5|57|511|149|57
Rec(t='1489778691.4', event='commit_move', piece='g', move_nu='18', move='(3, 0, 2)', instance='Jam-10')|4|29|251|88|29
Rec(t='1489778692.79', event='commit_move', piece='l', move_nu='19', move='(3, 4, 2)', instance='Jam-10')|3|13|117|53|13
Rec(t='1489778695.81', event='commit_move', piece='p', move_nu='20', move='(3, 5, 2)', instance='Jam-10')|2|8|76|41|8
Rec(t='1489778697.26', event='commit_move', piece='y', move_nu='21', move='(5, 3, 3)', instance='Jam-10')|2|4|33|20|4
Rec(t='1489778699.37', event='win', piece='r', move_nu='22', move='(4, 2, 2)', instance='Jam-10')|1|0|0|0|0
Rec(t='1489778700.12', event='start', piece='None', move_nu='0', move='None', instance='Jam-11')|25|628|5087|101|628
Rec(t='1489778705.34', event='commit_move', piece='B', move_nu='0', move='(0, 3, 3)', instance='Jam-11')|24|627|5080|113|627
Rec(t='1489778706.83', event='commit_move', piece='r', move_nu='1', move='(0, 2, 2)', instance='Jam-11')|23|626|5070|112|626
Rec(t='1489778708.63', event='commit_move', piece='b', move_nu='2', move='(0, 0, 2)', instance='Jam-11')|24|632|5122|2|632
Rec(t='1489778710.38', event='commit_move', piece='y', move_nu='3', move='(2, 0, 2)', instance='Jam-11')|23|628|5085|113|628
Rec(t='1489778712.01', event='commit_move', piece='l', move_nu='4', move='(1, 5, 3)', instance='Jam-11')|23|628|5088|99|628
Rec(t='1489778714.35', event='commit_move', piece='w', move_nu='5', move='(1, 3, 3)', instance='Jam-11')|22|627|5083|116|627
Rec(t='1489778716.43', event='commit_move', piece='c', move_nu='6', move='(5, 0, 2)', instance='Jam-11')|22|628|5088|99|628
Rec(t='1489778718.17', event='commit_move', piece='w', move_nu='7', move='(3, 3, 3)', instance='Jam-11')|21|626|5073|114|626
Rec(t='1489778719.87', event='commit_move', piece='r', move_nu='8', move='(1, 2, 2)', instance='Jam-11')|22|627|5078|7|627
Rec(t='1489778724.69', event='commit_move', piece='B', move_nu='9', move='(0, 1, 3)', instance='Jam-11')|23|628|5089|6|628
Rec(t='1489778726.71', event='commit_move', piece='l', move_nu='10', move='(0, 5, 3)', instance='Jam-11')|23|627|5083|102|627
Rec(t='1489778738.76', event='commit_move', piece='B', move_nu='11', move='(0, 2, 3)', instance='Jam-11')|23|629|5098|101|629
Rec(t='1489778740.61', event='commit_move', piece='l', move_nu='12', move='(3, 5, 3)', instance='Jam-11')|22|627|5080|113|627
Rec(t='1489778742.98', event='commit_move', piece='B', move_nu='13', move='(0, 3, 3)', instance='Jam-11')|21|625|5063|112|625
Rec(t='1489778744.56', event='commit_move', piece='r', move_nu='14', move='(0, 2, 2)', instance='Jam-11')|20|626|5073|114|626
Rec(t='1489778750.88', event='commit_move', piece='y', move_nu='15', move='(2, 4, 2)', instance='Jam-11')|19|627|5082|118|627
Rec(t='1489778752.73', event='commit_move', piece='b', move_nu='16', move='(1, 0, 2)', instance='Jam-11')|18|626|5073|114|626
Rec(t='1489778754.24', event='commit_move', piece='r', move_nu='17', move='(1, 2, 2)', instance='Jam-11')|17|625|5063|112|625
Rec(t='1489778756.0', event='commit_move', piece='B', move_nu='18', move='(0, 0, 3)', instance='Jam-11')|16|621|5052|119|621
Rec(t='1489778762.46', event='commit_move', piece='w', move_nu='19', move='(0, 3, 3)', instance='Jam-11')|15|591|4811|150|591
Rec(t='1489778764.19', event='commit_move', piece='M', move_nu='20', move='(3, 1, 3)', instance='Jam-11')|14|471|3737|211|471
Rec(t='1489778766.36', event='commit_move', piece='b', move_nu='21', move='(3, 0, 2)', instance='Jam-11')|14|418|3264|155|418
Rec(t='1489778769.51', event='commit_move', piece='c', move_nu='22', move='(5, 1, 2)', instance='Jam-11')|13|366|2839|184|366
Rec(t='1489778770.63', event='commit_move', piece='b', move_nu='23', move='(4, 0, 2)', instance='Jam-11')|12|315|2450|196|315
Rec(t='1489778772.41', event='commit_move', piece='M', move_nu='24', move='(3, 0, 3)', instance='Jam-11')|11|237|1836|177|237
Rec(t='1489778775.36', event='commit_move', piece='w', move_nu='25', move='(3, 3, 3)', instance='Jam-11')|10|200|1529|143|200
Rec(t='1489778777.48', event='commit_move', piece='B', move_nu='26', move='(0, 3, 3)', instance='Jam-11')|9|192|1463|124|192
Rec(t='1489778778.65', event='commit_move', piece='r', move_nu='27', move='(0, 2, 2)', instance='Jam-11')|8|134|1072|152|134
Rec(t='1489778780.67', event='commit_move', piece='y', move_nu='28', move='(2, 0, 2)', instance='Jam-11')|7|87|762|132|87
Rec(t='1489778781.9', event='commit_move', piece='r', move_nu='29', move='(1, 2, 2)', instance='Jam-11')|6|61|570|114|61
Rec(t='1489778783.65', event='commit_move', piece='B', move_nu='30', move='(0, 0, 3)', instance='Jam-11')|5|44|424|97|44
Rec(t='1489778786.3', event='commit_move', piece='w', move_nu='31', move='(0, 3, 3)', instance='Jam-11')|4|33|310|77|33
Rec(t='1489778787.87', event='commit_move', piece='l', move_nu='32', move='(0, 5, 3)', instance='Jam-11')|3|17|163|60|17
Rec(t='1489778789.89', event='commit_move', piece='M', move_nu='33', move='(3, 3, 3)', instance='Jam-11')|2|7|60|29|7
Rec(t='1489778791.65', event='commit_move', piece='c', move_nu='34', move='(5, 4, 2)', instance='Jam-11')|2|1|10|10|1
Rec(t='1489778793.84', event='win', piece='r', move_nu='35', move='(4, 2, 2)', instance='Jam-11')|1|0|0|0|0
Rec(t='1489778797.77', event='start', piece='None', move_nu='0', move='None', instance='Jam-12')|17|1158|10734|128|1158
Rec(t='1489778809.76', event='commit_move', piece='y', move_nu='0', move='(3, 0, 2)', instance='Jam-12')|16|1158|10734|154|1158
Rec(t='1489778810.91', event='commit_move', piece='M', move_nu='1', move='(2, 0, 3)', instance='Jam-12')|15|1158|10734|154|1158
Rec(t='1489778812.58', event='commit_move', piece='w', move_nu='2', move='(0, 3, 3)', instance='Jam-12')|14|1158|10734|154|1158
Rec(t='1489778820.38', event='commit_move', piece='c', move_nu='3', move='(4, 1, 2)', instance='Jam-12')|13|1158|10734|154|1158
Rec(t='1489778822.04', event='commit_move', piece='w', move_nu='4', move='(3, 3, 3)', instance='Jam-12')|12|1158|10734|154|1158
Rec(t='1489778823.59', event='commit_move', piece='l', move_nu='5', move='(3, 5, 3)', instance='Jam-12')|11|1158|10734|154|1158
Rec(t='1489778825.27', event='commit_move', piece='M', move_nu='6', move='(2, 3, 3)', instance='Jam-12')|10|1150|10702|162|1150
Rec(t='1489778826.82', event='commit_move', piece='r', move_nu='7', move='(2, 2, 2)', instance='Jam-12')|9|1054|9846|238|1054
Rec(t='1489778831.22', event='commit_move', piece='y', move_nu='8', move='(2, 0, 2)', instance='Jam-12')|9|991|9321|271|991
Rec(t='1489778832.37', event='commit_move', piece='c', move_nu='9', move='(4, 0, 2)', instance='Jam-12')|8|445|4238|397|445
Rec(t='1489778833.42', event='commit_move', piece='r', move_nu='10', move='(3, 2, 2)', instance='Jam-12')|7|285|2778|221|285
Rec(t='1489778836.81', event='commit_move', piece='b', move_nu='11', move='(0, 4, 2)', instance='Jam-12')|6|121|1199|234|121
Rec(t='1489778842.38', event='commit_move', piece='b', move_nu='12', move='(0, 1, 2)', instance='Jam-12')|6|116|1157|151|116
Rec(t='1489778843.95', event='commit_move', piece='M', move_nu='13', move='(2, 1, 3)', instance='Jam-12')|6|140|1399|129|140
Rec(t='1489778845.65', event='commit_move', piece='y', move_nu='14', move='(0, 0, 2)', instance='Jam-12')|5|117|1165|133|117
Rec(t='1489778846.95', event='commit_move', piece='M', move_nu='15', move='(2, 0, 3)', instance='Jam-12')|4|94|937|111|94
Rec(t='1489778848.83', event='commit_move', piece='w', move_nu='16', move='(0, 3, 3)', instance='Jam-12')|3|29|277|67|29
Rec(t='1489778851.73', event='commit_move', piece='l', move_nu='17', move='(0, 5, 3)', instance='Jam-12')|2|12|109|37|12
Rec(t='1489778853.59', event='commit_move', piece='B', move_nu='18', move='(5, 3, 3)', instance='Jam-12')|2|2|16|13|2
Rec(t='1489778855.82', event='win', piece='r', move_nu='19', move='(4, 2, 2)', instance='Jam-12')|1|0|0|0|0
Rec(t='1489778856.59', event='start', piece='None', move_nu='0', move='None', instance='Jam-13')|16|2354|19996|778|2354
Rec(t='1489778902.11', event='commit_move', piece='B', move_nu='0', move='(2, 3, 2)', instance='Jam-13')|15|2236|19036|1090|2236
Rec(t='1489778903.41', event='commit_move', piece='g', move_nu='1', move='(1, 3, 2)', instance='Jam-13')|14|1948|16695|1121|1948
Rec(t='1489778904.84', event='commit_move', piece='o', move_nu='2', move='(0, 1, 3)', instance='Jam-13')|15|2473|21201|2|2473
Rec(t='1489778906.36', event='commit_move', piece='p', move_nu='3', move='(0, 5, 2)', instance='Jam-13')|16|3214|27639|5|3214
Rec(t='1489778911.28', event='commit_move', piece='B', move_nu='4', move='(2, 1, 2)', instance='Jam-13')|17|3528|30329|3|3528
Rec(t='1489778912.65', event='commit_move', piece='g', move_nu='5', move='(1, 1, 2)', instance='Jam-13')|18|3699|31660|3|3699
Rec(t='1489778914.26', event='commit_move', piece='l', move_nu='6', move='(1, 3, 2)', instance='Jam-13')|18|3495|30118|1071|3495
Rec(t='1489778916.38', event='commit_move', piece='m', move_nu='7', move='(3, 3, 2)', instance='Jam-13')|19|3495|30118|1|3495
Rec(t='1489778923.64', event='commit_move', piece='m', move_nu='8', move='(3, 4, 2)', instance='Jam-13')|18|3495|30118|1472|3495
Rec(t='1489778924.96', event='commit_move', piece='l', move_nu='9', move='(3, 3, 2)', instance='Jam-13')|18|3699|31660|1054|3699
Rec(t='1489778926.46', event='commit_move', piece='B', move_nu='10', move='(2, 4, 2)', instance='Jam-13')|18|4005|34325|978|4005
Rec(t='1489778928.22', event='commit_move', piece='g', move_nu='11', move='(1, 3, 2)', instance='Jam-13')|17|3852|33125|1334|3852
Rec(t='1489778930.37', event='commit_move', piece='r', move_nu='12', move='(1, 2, 2)', instance='Jam-13')|17|4362|37913|933|4362
Rec(t='1489778931.36', event='commit_move', piece='M', move_nu='13', move='(4, 1, 2)', instance='Jam-13')|17|5105|44849|1002|5105
Rec(t='1489778932.61', event='commit_move', piece='c', move_nu='14', move='(3, 0, 2)', instance='Jam-13')|16|4285|37393|1321|4285
Rec(t='1489778934.79', event='commit_move', piece='c', move_nu='15', move='(4, 0, 2)', instance='Jam-13')|17|4674|40587|1|4674
Rec(t='1489778937.39', event='commit_move', piece='b', move_nu='16', move='(2, 0, 2)', instance='Jam-13')|18|5096|44259|2|5096
Rec(t='1489778938.64', event='commit_move', piece='o', move_nu='17', move='(0, 0, 3)', instance='Jam-13')|18|4983|43094|861|4983
Rec(t='1489778940.0', event='commit_move', piece='r', move_nu='18', move='(2, 2, 2)', instance='Jam-13')|18|4532|38787|920|4532
Rec(t='1489778941.56', event='commit_move', piece='g', move_nu='19', move='(1, 0, 2)', instance='Jam-13')|19|4554|38926|4|4554
Rec(t='1489778943.78', event='commit_move', piece='l', move_nu='20', move='(0, 3, 2)', instance='Jam-13')|20|4561|38989|2|4561
Rec(t='1489778948.25', event='commit_move', piece='l', move_nu='21', move='(3, 3, 2)', instance='Jam-13')|19|4555|38937|1292|4555
Rec(t='1489778951.23', event='commit_move', piece='B', move_nu='22', move='(2, 3, 2)', instance='Jam-13')|18|4020|34100|1397|4020
Rec(t='1489778952.48', event='commit_move', piece='p', move_nu='23', move='(1, 5, 2)', instance='Jam-13')|17|3410|28509|1042|3410
Rec(t='1489778954.12', event='commit_move', piece='o', move_nu='24', move='(0, 3, 3)', instance='Jam-13')|16|3145|26144|941|3145
Rec(t='1489778955.7', event='commit_move', piece='r', move_nu='25', move='(0, 2, 2)', instance='Jam-13')|17|3169|26297|3|3169
Rec(t='1489778957.45', event='commit_move', piece='B', move_nu='26', move='(2, 1, 2)', instance='Jam-13')|18|3173|26331|1|3173
Rec(t='1489778958.8', event='commit_move', piece='l', move_nu='27', move='(1, 3, 2)', instance='Jam-13')|19|3172|26320|2|3172
Rec(t='1489778960.52', event='commit_move', piece='m', move_nu='28', move='(3, 1, 2)', instance='Jam-13')|20|3173|26331|1|3173
Rec(t='1489778962.44', event='commit_move', piece='w', move_nu='29', move='(3, 4, 2)', instance='Jam-13')|21|3170|26297|4|3170
Rec(t='1489778964.17', event='commit_move', piece='t', move_nu='30', move='(3, 5, 2)', instance='Jam-13')|22|3173|26331|1|3173
Rec(t='1489778965.57', event='commit_move', piece='y', move_nu='31', move='(5, 2, 3)', instance='Jam-13')|23|3170|26297|4|3170
Rec(t='1489778967.38', event='commit_move', piece='y', move_nu='32', move='(5, 3, 3)', instance='Jam-13')|23|3170|26297|640|3170
Rec(t='1489778973.63', event='commit_move', piece='l', move_nu='33', move='(3, 3, 2)', instance='Jam-13')|24|3174|26335|1|3174
Rec(t='1489778974.96', event='commit_move', piece='B', move_nu='34', move='(2, 3, 2)', instance='Jam-13')|25|3221|26734|2|3221
Rec(t='1489778976.38', event='commit_move', piece='r', move_nu='35', move='(1, 2, 2)', instance='Jam-13')|26|3537|29561|1|3537
Rec(t='1489778977.88', event='commit_move', piece='o', move_nu='36', move='(0, 0, 3)', instance='Jam-13')|27|4053|34242|3|4053
Rec(t='1489778979.45', event='commit_move', piece='p', move_nu='37', move='(0, 5, 2)', instance='Jam-13')|27|4567|39033|893|4567
Rec(t='1489778980.61', event='commit_move', piece='B', move_nu='38', move='(2, 4, 2)', instance='Jam-13')|26|4570|39067|1310|4570
Rec(t='1489778981.93', event='commit_move', piece='l', move_nu='39', move='(0, 3, 2)', instance='Jam-13')|25|4562|39001|1304|4562
Rec(t='1489779014.9', event='commit_move', piece='y', move_nu='40', move='(5, 1, 3)', instance='Jam-13')|24|4559|38967|1296|4559
Rec(t='1489779016.02', event='commit_move', piece='l', move_nu='41', move='(3, 3, 2)', instance='Jam-13')|25|4568|39044|3|4568
Rec(t='1489779018.3', event='commit_move', piece='o', move_nu='42', move='(0, 2, 3)', instance='Jam-13')|25|4668|40041|906|4668
Rec(t='1489779020.73', event='restart', piece='None', move_nu='43', move='None', instance='Jam-13')|25|4670|40063|911|4670
Rec(t='1489779021.43', event='start', piece='None', move_nu='0', move='None', instance='Jam-13')|16|2352|19973|771|2352
Rec(t='1489779027.77', event='commit_move', piece='o', move_nu='0', move='(0, 1, 3)', instance='Jam-13')|17|2851|24184|3|2851
Rec(t='1489779029.74', event='commit_move', piece='p', move_nu='1', move='(0, 5, 2)', instance='Jam-13')|18|3691|31610|2|3691
Rec(t='1489779031.39', event='commit_move', piece='y', move_nu='2', move='(5, 0, 3)', instance='Jam-13')|17|3349|29020|1438|3349
Rec(t='1489779036.33', event='commit_move', piece='g', move_nu='3', move='(1, 1, 2)', instance='Jam-13')|17|3366|29141|1050|3366
Rec(t='1489779039.83', event='commit_move', piece='B', move_nu='4', move='(2, 3, 2)', instance='Jam-13')|16|3067|26549|1386|3067
Rec(t='1489779041.84', event='commit_move', piece='g', move_nu='5', move='(1, 3, 2)', instance='Jam-13')|15|2909|25384|1366|2909
Rec(t='1489779043.71', event='commit_move', piece='r', move_nu='6', move='(1, 2, 2)', instance='Jam-13')|15|3465|30576|1114|3465
Rec(t='1489779045.03', event='commit_move', piece='l', move_nu='7', move='(4, 3, 2)', instance='Jam-13')|14|3164|28227|1480|3164
Rec(t='1489779046.57', event='commit_move', piece='m', move_nu='8', move='(3, 1, 2)', instance='Jam-13')|13|2609|23621|1555|2609
Rec(t='1489779052.75', event='commit_move', piece='o', move_nu='9', move='(0, 2, 3)', instance='Jam-13')|13|2575|23308|1159|2575
Rec(t='1489779054.34', event='commit_move', piece='p', move_nu='10', move='(1, 5, 2)', instance='Jam-13')|12|1526|13820|1227|1526
Rec(t='1489779057.3', event='commit_move', piece='o', move_nu='11', move='(0, 3, 3)', instance='Jam-13')|11|933|8466|992|933
Rec(t='1489779058.5', event='commit_move', piece='r', move_nu='12', move='(0, 2, 2)', instance='Jam-13')|10|546|5019|782|546
Rec(t='1489779060.47', event='commit_move', piece='m', move_nu='13', move='(3, 2, 2)', instance='Jam-13')|11|847|7621|1|847
Rec(t='1489779062.04', event='commit_move', piece='M', move_nu='14', move='(4, 1, 2)', instance='Jam-13')|11|972|9032|911|972
Rec(t='1489779063.42', event='commit_move', piece='c', move_nu='15', move='(3, 0, 2)', instance='Jam-13')|10|429|4026|791|429
Rec(t='1489779065.17', event='commit_move', piece='B', move_nu='16', move='(2, 0, 2)', instance='Jam-13')|9|197|1828|474|197
Rec(t='1489779071.14', event='commit_move', piece='w', move_nu='17', move='(2, 4, 2)', instance='Jam-13')|8|93|899|319|93
Rec(t='1489779072.68', event='commit_move', piece='t', move_nu='18', move='(3, 5, 2)', instance='Jam-13')|7|60|575|210|60
Rec(t='1489779074.06', event='commit_move', piece='m', move_nu='19', move='(3, 1, 2)', instance='Jam-13')|6|50|498|180|50
Rec(t='1489779075.65', event='commit_move', piece='l', move_nu='20', move='(2, 3, 2)', instance='Jam-13')|5|40|403|152|40
Rec(t='1489779077.75', event='commit_move', piece='y', move_nu='21', move='(5, 3, 3)', instance='Jam-13')|4|20|197|105|20
Rec(t='1489779079.21', event='commit_move', piece='c', move_nu='22', move='(4, 0, 2)', instance='Jam-13')|3|13|130|76|13
Rec(t='1489779080.46', event='commit_move', piece='m', move_nu='23', move='(3, 0, 2)', instance='Jam-13')|2|7|68|44|7
Rec(t='1489779081.78', event='commit_move', piece='r', move_nu='24', move='(2, 2, 2)', instance='Jam-13')|2|10|115|37|10
Rec(t='1489779083.22', event='commit_move', piece='g', move_nu='25', move='(1, 1, 2)', instance='Jam-13')|2|14|166|55|14
Rec(t='1489779085.03', event='commit_move', piece='o', move_nu='26', move='(0, 1, 3)', instance='Jam-13')|2|13|167|57|13
Rec(t='1489779086.48', event='commit_move', piece='w', move_nu='27', move='(0, 4, 2)', instance='Jam-13')|2|10|114|41|10
Rec(t='1489779087.85', event='commit_move', piece='p', move_nu='28', move='(0, 5, 2)', instance='Jam-13')|2|14|167|57|14
Rec(t='1489779093.22', event='commit_move', piece='M', move_nu='29', move='(4, 3, 2)', instance='Jam-13')|2|3|34|28|3
Rec(t='1489779094.54', event='win', piece='r', move_nu='30', move='(4, 2, 2)', instance='Jam-13')|1|0|0|0|0
Rec(t='1489779601.44', event='start', piece='None', move_nu='0', move='None', instance='Jam-18')|25|865|6978|229|865
Rec(t='1489779608.74', event='commit_move', piece='B', move_nu='0', move='(3, 4, 2)', instance='Jam-18')|25|902|7275|243|902
Rec(t='1489779610.68', event='commit_move', piece='l', move_nu='1', move='(3, 5, 3)', instance='Jam-18')|24|900|7257|326|900
Rec(t='1489779611.93', event='commit_move', piece='g', move_nu='2', move='(0, 3, 3)', instance='Jam-18')|23|898|7245|323|898
Rec(t='1489779613.95', event='commit_move', piece='r', move_nu='3', move='(0, 2, 2)', instance='Jam-18')|22|903|7282|334|903
Rec(t='1489779615.05', event='commit_move', piece='B', move_nu='4', move='(4, 4, 2)', instance='Jam-18')|21|847|6838|340|847
Rec(t='1489779616.4', event='commit_move', piece='w', move_nu='5', move='(3, 3, 3)', instance='Jam-18')|20|851|6869|353|851
Rec(t='1489779618.25', event='commit_move', piece='c', move_nu='6', move='(2, 4, 2)', instance='Jam-18')|19|848|6843|341|848
Rec(t='1489779619.56', event='commit_move', piece='M', move_nu='7', move='(1, 1, 2)', instance='Jam-18')|18|850|6855|344|850
Rec(t='1489779620.75', event='commit_move', piece='b', move_nu='8', move='(1, 0, 2)', instance='Jam-18')|17|851|6862|344|851
Rec(t='1489779621.77', event='commit_move', piece='r', move_nu='9', move='(1, 2, 2)', instance='Jam-18')|16|848|6844|343|848
Rec(t='1489779623.52', event='commit_move', piece='g', move_nu='10', move='(0, 0, 3)', instance='Jam-18')|15|819|6578|376|819
Rec(t='1489779625.17', event='commit_move', piece='w', move_nu='11', move='(0, 3, 3)', instance='Jam-18')|14|714|5647|443|714
Rec(t='1489779632.46', event='commit_move', piece='y', move_nu='12', move='(3, 2, 3)', instance='Jam-18')|13|588|4589|459|588
Rec(t='1489779634.11', event='commit_move', piece='M', move_nu='13', move='(4, 1, 2)', instance='Jam-18')|12|425|3333|397|425
Rec(t='1489779635.99', event='commit_move', piece='b', move_nu='14', move='(4, 0, 2)', instance='Jam-18')|11|289|2252|338|289
Rec(t='1489779638.03', event='commit_move', piece='y', move_nu='15', move='(3, 0, 3)', instance='Jam-18')|10|197|1565|248|197
Rec(t='1489779639.83', event='commit_move', piece='w', move_nu='16', move='(3, 3, 3)', instance='Jam-18')|9|165|1350|204|165
Rec(t='1489779641.54', event='commit_move', piece='g', move_nu='17', move='(0, 3, 3)', instance='Jam-18')|8|134|1159|201|134
Rec(t='1489779642.63', event='commit_move', piece='r', move_nu='18', move='(0, 2, 2)', instance='Jam-18')|7|92|879|204|92
Rec(t='1489779644.19', event='commit_move', piece='c', move_nu='19', move='(2, 0, 2)', instance='Jam-18')|6|63|657|174|63
Rec(t='1489779645.4', event='commit_move', piece='r', move_nu='20', move='(1, 2, 2)', instance='Jam-18')|5|39|430|132|39
Rec(t='1489779647.05', event='commit_move', piece='g', move_nu='21', move='(0, 0, 3)', instance='Jam-18')|4|25|291|101|25
Rec(t='1489779648.63', event='commit_move', piece='w', move_nu='22', move='(0, 3, 3)', instance='Jam-18')|3|16|165|74|16
Rec(t='1489779650.01', event='commit_move', piece='l', move_nu='23', move='(0, 5, 3)', instance='Jam-18')|2|9|84|46|9
Rec(t='1489779651.57', event='commit_move', piece='B', move_nu='24', move='(0, 4, 2)', instance='Jam-18')|2|8|83|27|8
Rec(t='1489779653.02', event='commit_move', piece='y', move_nu='25', move='(3, 3, 3)', instance='Jam-18')|2|5|39|23|5
Rec(t='1489779654.22', event='win', piece='r', move_nu='26', move='(4, 2, 2)', instance='Jam-18')|1|0|0|0|0
Rec(t='1489779655.83', event='start', piece='None', move_nu='0', move='None', instance='Jam-19')|22|479|3551|49|479
Rec(t='1489779674.06', event='commit_move', piece='l', move_nu='0', move='(1, 0, 2)', instance='Jam-19')|21|479|3552|52|479
Rec(t='1489779675.21', event='commit_move', piece='r', move_nu='1', move='(0, 2, 2)', instance='Jam-19')|20|482|3578|57|482
Rec(t='1489779676.24', event='commit_move', piece='M', move_nu='2', move='(1, 3, 2)', instance='Jam-19')|20|481|3562|49|481
Rec(t='1489779677.75', event='commit_move', piece='M', move_nu='3', move='(0, 3, 2)', instance='Jam-19')|19|481|3562|52|481
Rec(t='1489779678.89', event='commit_move', piece='B', move_nu='4', move='(0, 4, 3)', instance='Jam-19')|19|485|3604|54|485
Rec(t='1489779682.86', event='commit_move', piece='b', move_nu='5', move='(2, 1, 2)', instance='Jam-19')|18|479|3551|50|479
Rec(t='1489779683.93', event='commit_move', piece='y', move_nu='6', move='(2, 0, 2)', instance='Jam-19')|17|482|3579|58|482
Rec(t='1489779685.15', event='commit_move', piece='c', move_nu='7', move='(4, 0, 2)', instance='Jam-19')|16|479|3549|50|479
Rec(t='1489779686.38', event='commit_move', piece='w', move_nu='8', move='(4, 2, 2)', instance='Jam-19')|15|482|3574|56|482
Rec(t='1489779687.9', event='commit_move', piece='B', move_nu='9', move='(3, 4, 3)', instance='Jam-19')|14|479|3550|50|479
Rec(t='1489779689.57', event='commit_move', piece='b', move_nu='10', move='(2, 4, 2)', instance='Jam-19')|13|480|3560|54|480
Rec(t='1489779692.52', event='commit_move', piece='r', move_nu='11', move='(2, 2, 2)', instance='Jam-19')|12|483|3589|60|483
Rec(t='1489779693.29', event='commit_move', piece='l', move_nu='12', move='(1, 1, 2)', instance='Jam-19')|12|364|2629|145|364
Rec(t='1489779696.47', event='commit_move', piece='y', move_nu='13', move='(0, 0, 2)', instance='Jam-19')|11|273|1861|104|273
Rec(t='1489779701.54', event='commit_move', piece='M', move_nu='14', move='(2, 3, 2)', instance='Jam-19')|10|215|1407|116|215
Rec(t='1489779702.96', event='commit_move', piece='l', move_nu='15', move='(1, 4, 2)', instance='Jam-19')|9|200|1296|104|200
Rec(t='1489779705.39', event='commit_move', piece='M', move_nu='16', move='(0, 3, 2)', instance='Jam-19')|8|148|932|68|148
Rec(t='1489779707.51', event='commit_move', piece='r', move_nu='17', move='(0, 2, 2)', instance='Jam-19')|7|122|792|63|122
Rec(t='1489779709.33', event='commit_move', piece='b', move_nu='18', move='(2, 0, 2)', instance='Jam-19')|6|77|516|72|77
Rec(t='1489779710.69', event='commit_move', piece='r', move_nu='19', move='(2, 2, 2)', instance='Jam-19')|5|39|278|63|39
Rec(t='1489779711.95', event='commit_move', piece='M', move_nu='20', move='(2, 3, 2)', instance='Jam-19')|4|29|215|58|29
Rec(t='1489779713.48', event='commit_move', piece='l', move_nu='21', move='(1, 1, 2)', instance='Jam-19')|3|19|145|41|19
Rec(t='1489779715.28', event='commit_move', piece='B', move_nu='22', move='(0, 4, 3)', instance='Jam-19')|2|13|113|51|13
Rec(t='1489779717.6', event='commit_move', piece='w', move_nu='23', move='(4, 4, 2)', instance='Jam-19')|2|4|41|26|4
Rec(t='1489779719.23', event='win', piece='r', move_nu='24', move='(4, 2, 2)', instance='Jam-19')|1|0|0|0|0
