A2NO0HQPTYBTRH:3IO1LGZLKA5F99UJ51U6ML3IMP068U,0,1516059877484,"{""phase"": ""INSTRUCTIONS"", ""templates"": [""instructions/instruct-1.html"", ""instructions/instruct-2.html"", ""instructions/instruct-2_2.html"", ""instructions/instruct-3.html"", ""instructions/instruct-4.html"", ""instructions/instruct-5.html"", ""instructions/instruct-6.html"", ""instructions/instruct-ready.html""], ""action"": ""Begin""}"
A2NO0HQPTYBTRH:3IO1LGZLKA5F99UJ51U6ML3IMP068U,1,1516059878803,"{""phase"": ""INSTRUCTIONS"", ""indexOf"": 0, ""viewTime"": 1316, ""action"": ""NextPage"", ""template"": ""instructions/instruct-1.html""}"
A2NO0HQPTYBTRH:3IO1LGZLKA5F99UJ51U6ML3IMP068U,2,1516059879875,"{""phase"": ""INSTRUCTIONS"", ""indexOf"": 1, ""viewTime"": 1071, ""action"": ""NextPage"", ""template"": ""instructions/instruct-2.html""}"
A2NO0HQPTYBTRH:3IO1LGZLKA5F99UJ51U6ML3IMP068U,3,1516059880597,"{""phase"": ""INSTRUCTIONS"", ""indexOf"": 2, ""viewTime"": 721, ""action"": ""NextPage"", ""template"": ""instructions/instruct-2_2.html""}"
A2NO0HQPTYBTRH:3IO1LGZLKA5F99UJ51U6ML3IMP068U,4,1516059881287,"{""phase"": ""INSTRUCTIONS"", ""indexOf"": 3, ""viewTime"": 689, ""action"": ""NextPage"", ""template"": ""instructions/instruct-3.html""}"
A2NO0HQPTYBTRH:3IO1LGZLKA5F99UJ51U6ML3IMP068U,5,1516059882271,"{""phase"": ""INSTRUCTIONS"", ""indexOf"": 4, ""viewTime"": 982, ""action"": ""NextPage"", ""template"": ""instructions/instruct-4.html""}"
A2NO0HQPTYBTRH:3IO1LGZLKA5F99UJ51U6ML3IMP068U,6,1516059883752,"{""phase"": ""INSTRUCTIONS"", ""indexOf"": 5, ""viewTime"": 1480, ""action"": ""NextPage"", ""template"": ""instructions/instruct-5.html""}"
A2NO0HQPTYBTRH:3IO1LGZLKA5F99UJ51U6ML3IMP068U,7,1516059894929,"{""phase"": ""INSTRUCTIONS"", ""indexOf"": 6, ""viewTime"": 11176, ""action"": ""NextPage"", ""template"": ""instructions/instruct-6.html""}"
A2NO0HQPTYBTRH:3IO1LGZLKA5F99UJ51U6ML3IMP068U,8,1516059896410,"{""phase"": ""INSTRUCTIONS"", ""indexOf"": 7, ""viewTime"": 1479, ""action"": ""FinishInstructions"", ""template"": ""instructions/instruct-ready.html""}"
A2NO0HQPTYBTRH:3IO1LGZLKA5F99UJ51U6ML3IMP068U,9,1516059896533,""" t:[1516059896533] event:[start] piece:[NA] move#:[0] move:[NA] instance:[prb29027]"""
A2NO0HQPTYBTRH:3IO1LGZLKA5F99UJ51U6ML3IMP068U,10,1516059900558,""" t:[1516059900558] event:[drag_start] piece:[4] move#:[0] move:[13] instance:[prb29027]"""
A2NO0HQPTYBTRH:3IO1LGZLKA5F99UJ51U6ML3IMP068U,11,1516059900808,""" t:[1516059900808] event:[drag_end] piece:[4] move#:[0] move:[7] instance:[prb29027]"""
A2NO0HQPTYBTRH:3IO1LGZLKA5F99UJ51U6ML3IMP068U,12,1516059902008,""" t:[1516059902008] event:[drag_start] piece:[4] move#:[1] move:[7] instance:[prb29027]"""
A2NO0HQPTYBTRH:3IO1LGZLKA5F99UJ51U6ML3IMP068U,13,1516059902356,""" t:[1516059902356] event:[drag_end] piece:[4] move#:[1] move:[19] instance:[prb29027]"""
A2NO0HQPTYBTRH:3IO1LGZLKA5F99UJ51U6ML3IMP068U,14,1516059903153,""" t:[1516059903153] event:[drag_start] piece:[r] move#:[2] move:[14] instance:[prb29027]"""
A2NO0HQPTYBTRH:3IO1LGZLKA5F99UJ51U6ML3IMP068U,15,1516059903564,""" t:[1516059903564] event:[drag_end] piece:[r] move#:[2] move:[12] instance:[prb29027]"""
A2NO0HQPTYBTRH:3IO1LGZLKA5F99UJ51U6ML3IMP068U,16,1516059904481,""" t:[1516059904481] event:[drag_start] piece:[1] move#:[3] move:[10] instance:[prb29027]"""
A2NO0HQPTYBTRH:3IO1LGZLKA5F99UJ51U6ML3IMP068U,17,1516059904889,""" t:[1516059904889] event:[drag_end] piece:[1] move#:[3] move:[4] instance:[prb29027]"""
A2NO0HQPTYBTRH:3IO1LGZLKA5F99UJ51U6ML3IMP068U,18,1516059907111,""" t:[1516059907111] event:[drag_start] piece:[2] move#:[4] move:[20] instance:[prb29027]"""
A2NO0HQPTYBTRH:3IO1LGZLKA5F99UJ51U6ML3IMP068U,19,1516059907558,""" t:[1516059907558] event:[drag_end] piece:[2] move#:[4] move:[22] instance:[prb29027]"""
A2NO0HQPTYBTRH:3IO1LGZLKA5F99UJ51U6ML3IMP068U,20,1516059908733,""" t:[1516059908733] event:[drag_start] piece:[6] move#:[5] move:[26] instance:[prb29027]"""
A2NO0HQPTYBTRH:3IO1LGZLKA5F99UJ51U6ML3IMP068U,21,1516059909159,""" t:[1516059909159] event:[drag_end] piece:[6] move#:[5] move:[8] instance:[prb29027]"""
A2NO0HQPTYBTRH:3IO1LGZLKA5F99UJ51U6ML3IMP068U,22,1516059909888,""" t:[1516059909888] event:[drag_start] piece:[2] move#:[6] move:[22] instance:[prb29027]"""
A2NO0HQPTYBTRH:3IO1LGZLKA5F99UJ51U6ML3IMP068U,23,1516059910338,""" t:[1516059910338] event:[drag_end] piece:[2] move#:[6] move:[20] instance:[prb29027]"""
A2NO0HQPTYBTRH:3IO1LGZLKA5F99UJ51U6ML3IMP068U,24,1516059911009,""" t:[1516059911009] event:[drag_start] piece:[0] move#:[7] move:[27] instance:[prb29027]"""
A2NO0HQPTYBTRH:3IO1LGZLKA5F99UJ51U6ML3IMP068U,25,1516059911237,""" t:[1516059911237] event:[drag_end] piece:[0] move#:[7] move:[26] instance:[prb29027]"""
A2NO0HQPTYBTRH:3IO1LGZLKA5F99UJ51U6ML3IMP068U,26,1516059912597,""" t:[1516059912597] event:[drag_start] piece:[1] move#:[8] move:[4] instance:[prb29027]"""
A2NO0HQPTYBTRH:3IO1LGZLKA5F99UJ51U6ML3IMP068U,27,1516059912944,""" t:[1516059912944] event:[drag_end] piece:[1] move#:[8] move:[16] instance:[prb29027]"""
A2NO0HQPTYBTRH:3IO1LGZLKA5F99UJ51U6ML3IMP068U,28,1516059913577,""" t:[1516059913577] event:[drag_start] piece:[7] move#:[9] move:[2] instance:[prb29027]"""
A2NO0HQPTYBTRH:3IO1LGZLKA5F99UJ51U6ML3IMP068U,29,1516059913834,""" t:[1516059913834] event:[drag_end] piece:[7] move#:[9] move:[4] instance:[prb29027]"""
A2NO0HQPTYBTRH:3IO1LGZLKA5F99UJ51U6ML3IMP068U,30,1516059914589,""" t:[1516059914589] event:[drag_start] piece:[6] move#:[10] move:[8] instance:[prb29027]"""
A2NO0HQPTYBTRH:3IO1LGZLKA5F99UJ51U6ML3IMP068U,31,1516059914860,""" t:[1516059914860] event:[drag_end] piece:[6] move#:[10] move:[2] instance:[prb29027]"""
A2NO0HQPTYBTRH:3IO1LGZLKA5F99UJ51U6ML3IMP068U,32,1516059915591,""" t:[1516059915591] event:[drag_start] piece:[r] move#:[11] move:[12] instance:[prb29027]"""
A2NO0HQPTYBTRH:3IO1LGZLKA5F99UJ51U6ML3IMP068U,33,1516059915902,""" t:[1516059915902] event:[drag_end] piece:[r] move#:[11] move:[14] instance:[prb29027]"""
A2NO0HQPTYBTRH:3IO1LGZLKA5F99UJ51U6ML3IMP068U,34,1516059916776,""" t:[1516059916776] event:[drag_start] piece:[4] move#:[12] move:[19] instance:[prb29027]"""
A2NO0HQPTYBTRH:3IO1LGZLKA5F99UJ51U6ML3IMP068U,35,1516059917012,""" t:[1516059917012] event:[drag_end] piece:[4] move#:[12] move:[7] instance:[prb29027]"""
A2NO0HQPTYBTRH:3IO1LGZLKA5F99UJ51U6ML3IMP068U,36,1516059918071,""" t:[1516059918071] event:[drag_start] piece:[3] move#:[13] move:[33] instance:[prb29027]"""
A2NO0HQPTYBTRH:3IO1LGZLKA5F99UJ51U6ML3IMP068U,37,1516059918308,""" t:[1516059918308] event:[drag_end] piece:[3] move#:[13] move:[30] instance:[prb29027]"""
A2NO0HQPTYBTRH:3IO1LGZLKA5F99UJ51U6ML3IMP068U,38,1516059919249,""" t:[1516059919249] event:[drag_start] piece:[1] move#:[14] move:[16] instance:[prb29027]"""
A2NO0HQPTYBTRH:3IO1LGZLKA5F99UJ51U6ML3IMP068U,39,1516059919513,""" t:[1516059919513] event:[drag_end] piece:[1] move#:[14] move:[22] instance:[prb29027]"""
A2NO0HQPTYBTRH:3IO1LGZLKA5F99UJ51U6ML3IMP068U,40,1516059920434,""" t:[1516059920434] event:[drag_start] piece:[r] move#:[15] move:[14] instance:[prb29027]"""
A2NO0HQPTYBTRH:3IO1LGZLKA5F99UJ51U6ML3IMP068U,41,1516059920608,""" t:[1516059920608] event:[win] piece:[r] move#:[15] move:[14] instance:[prb29027]"""
A2NO0HQPTYBTRH:3IO1LGZLKA5F99UJ51U6ML3IMP068U,42,1516059920715,""" t:[1516059920715] event:[drag_end] piece:[r] move#:[15] move:[16] instance:[prb29027]"""
A2NO0HQPTYBTRH:3IO1LGZLKA5F99UJ51U6ML3IMP068U,43,1516059920716,""" t:[1516059920716] event:[win] piece:[NA] move#:[16] move:[NA] instance:[prb29027]"""
A2NO0HQPTYBTRH:3IO1LGZLKA5F99UJ51U6ML3IMP068U,44,1516059921669,""" t:[1516059921669] event:[start] piece:[NA] move#:[0] move:[NA] instance:[prb44171]"""
A2NO0HQPTYBTRH:3IO1LGZLKA5F99UJ51U6ML3IMP068U,45,1516059934871,""" t:[1516059934871] event:[drag_start] piece:[3] move#:[0] move:[9] instance:[prb44171]"""
A2NO0HQPTYBTRH:3IO1LGZLKA5F99UJ51U6ML3IMP068U,46,1516059935022,""" t:[1516059935022] event:[drag_end] piece:[3] move#:[0] move:[3] instance:[prb44171]"""
A2NO0HQPTYBTRH:3IO1LGZLKA5F99UJ51U6ML3IMP068U,47,1516059935673,""" t:[1516059935673] event:[drag_start] piece:[7] move#:[1] move:[21] instance:[prb44171]"""
A2NO0HQPTYBTRH:3IO1LGZLKA5F99UJ51U6ML3IMP068U,48,1516059935841,""" t:[1516059935841] event:[drag_end] piece:[7] move#:[1] move:[15] instance:[prb44171]"""
A2NO0HQPTYBTRH:3IO1LGZLKA5F99UJ51U6ML3IMP068U,49,1516059936449,""" t:[1516059936449] event:[drag_start] piece:[0] move#:[2] move:[25] instance:[prb44171]"""
A2NO0HQPTYBTRH:3IO1LGZLKA5F99UJ51U6ML3IMP068U,50,1516059936653,""" t:[1516059936653] event:[drag_end] piece:[0] move#:[2] move:[27] instance:[prb44171]"""
A2NO0HQPTYBTRH:3IO1LGZLKA5F99UJ51U6ML3IMP068U,51,1516059937342,""" t:[1516059937342] event:[drag_start] piece:[5] move#:[3] move:[8] instance:[prb44171]"""
A2NO0HQPTYBTRH:3IO1LGZLKA5F99UJ51U6ML3IMP068U,52,1516059937586,""" t:[1516059937586] event:[drag_end] piece:[5] move#:[3] move:[20] instance:[prb44171]"""
A2NO0HQPTYBTRH:3IO1LGZLKA5F99UJ51U6ML3IMP068U,53,1516059938259,""" t:[1516059938259] event:[drag_start] piece:[r] move#:[4] move:[12] instance:[prb44171]"""
A2NO0HQPTYBTRH:3IO1LGZLKA5F99UJ51U6ML3IMP068U,54,1516059938504,""" t:[1516059938504] event:[drag_end] piece:[r] move#:[4] move:[13] instance:[prb44171]"""
A2NO0HQPTYBTRH:3IO1LGZLKA5F99UJ51U6ML3IMP068U,55,1516059939170,""" t:[1516059939170] event:[drag_start] piece:[6] move#:[5] move:[0] instance:[prb44171]"""
A2NO0HQPTYBTRH:3IO1LGZLKA5F99UJ51U6ML3IMP068U,56,1516059939428,""" t:[1516059939427] event:[drag_end] piece:[6] move#:[5] move:[1] instance:[prb44171]"""
A2NO0HQPTYBTRH:3IO1LGZLKA5F99UJ51U6ML3IMP068U,57,1516059940141,""" t:[1516059940141] event:[drag_start] piece:[1] move#:[6] move:[24] instance:[prb44171]"""
A2NO0HQPTYBTRH:3IO1LGZLKA5F99UJ51U6ML3IMP068U,58,1516059940373,""" t:[1516059940373] event:[drag_end] piece:[1] move#:[6] move:[0] instance:[prb44171]"""
A2NO0HQPTYBTRH:3IO1LGZLKA5F99UJ51U6ML3IMP068U,59,1516059941095,""" t:[1516059941095] event:[drag_start] piece:[r] move#:[7] move:[13] instance:[prb44171]"""
A2NO0HQPTYBTRH:3IO1LGZLKA5F99UJ51U6ML3IMP068U,60,1516059941303,""" t:[1516059941303] event:[drag_end] piece:[r] move#:[7] move:[12] instance:[prb44171]"""
A2NO0HQPTYBTRH:3IO1LGZLKA5F99UJ51U6ML3IMP068U,61,1516059944601,""" t:[1516059944601] event:[drag_start] piece:[5] move#:[8] move:[20] instance:[prb44171]"""
A2NO0HQPTYBTRH:3IO1LGZLKA5F99UJ51U6ML3IMP068U,62,1516059944891,""" t:[1516059944891] event:[drag_end] piece:[5] move#:[8] move:[8] instance:[prb44171]"""
A2NO0HQPTYBTRH:3IO1LGZLKA5F99UJ51U6ML3IMP068U,63,1516059945724,""" t:[1516059945724] event:[drag_start] piece:[0] move#:[9] move:[27] instance:[prb44171]"""
A2NO0HQPTYBTRH:3IO1LGZLKA5F99UJ51U6ML3IMP068U,64,1516059945997,""" t:[1516059945997] event:[drag_end] piece:[0] move#:[9] move:[24] instance:[prb44171]"""
A2NO0HQPTYBTRH:3IO1LGZLKA5F99UJ51U6ML3IMP068U,65,1516059946838,""" t:[1516059946838] event:[drag_start] piece:[7] move#:[10] move:[15] instance:[prb44171]"""
A2NO0HQPTYBTRH:3IO1LGZLKA5F99UJ51U6ML3IMP068U,66,1516059947061,""" t:[1516059947061] event:[drag_end] piece:[7] move#:[10] move:[27] instance:[prb44171]"""
A2NO0HQPTYBTRH:3IO1LGZLKA5F99UJ51U6ML3IMP068U,67,1516059947846,""" t:[1516059947846] event:[drag_start] piece:[4] move#:[11] move:[17] instance:[prb44171]"""
A2NO0HQPTYBTRH:3IO1LGZLKA5F99UJ51U6ML3IMP068U,68,1516059948024,""" t:[1516059948024] event:[drag_end] piece:[4] move#:[11] move:[23] instance:[prb44171]"""
A2NO0HQPTYBTRH:3IO1LGZLKA5F99UJ51U6ML3IMP068U,69,1516059948937,""" t:[1516059948937] event:[drag_start] piece:[5] move#:[12] move:[8] instance:[prb44171]"""
A2NO0HQPTYBTRH:3IO1LGZLKA5F99UJ51U6ML3IMP068U,70,1516059949145,""" t:[1516059949145] event:[drag_end] piece:[5] move#:[12] move:[20] instance:[prb44171]"""
A2NO0HQPTYBTRH:3IO1LGZLKA5F99UJ51U6ML3IMP068U,71,1516059949891,""" t:[1516059949891] event:[drag_start] piece:[2] move#:[13] move:[4] instance:[prb44171]"""
A2NO0HQPTYBTRH:3IO1LGZLKA5F99UJ51U6ML3IMP068U,72,1516059950116,""" t:[1516059950116] event:[drag_end] piece:[2] move#:[13] move:[22] instance:[prb44171]"""
A2NO0HQPTYBTRH:3IO1LGZLKA5F99UJ51U6ML3IMP068U,73,1516059950736,""" t:[1516059950736] event:[drag_start] piece:[r] move#:[14] move:[12] instance:[prb44171]"""
A2NO0HQPTYBTRH:3IO1LGZLKA5F99UJ51U6ML3IMP068U,74,1516059950903,""" t:[1516059950903] event:[win] piece:[r] move#:[14] move:[12] instance:[prb44171]"""
A2NO0HQPTYBTRH:3IO1LGZLKA5F99UJ51U6ML3IMP068U,75,1516059950976,""" t:[1516059950976] event:[drag_end] piece:[r] move#:[14] move:[16] instance:[prb44171]"""
A2NO0HQPTYBTRH:3IO1LGZLKA5F99UJ51U6ML3IMP068U,76,1516059950977,""" t:[1516059950977] event:[win] piece:[NA] move#:[15] move:[NA] instance:[prb44171]"""
A2NO0HQPTYBTRH:3IO1LGZLKA5F99UJ51U6ML3IMP068U,77,1516059952080,""" t:[1516059952080] event:[start] piece:[NA] move#:[0] move:[NA] instance:[prb55905]"""
A2NO0HQPTYBTRH:3IO1LGZLKA5F99UJ51U6ML3IMP068U,78,1516059977250,""" t:[1516059977250] event:[drag_start] piece:[2] move#:[0] move:[24] instance:[prb55905]"""
A2NO0HQPTYBTRH:3IO1LGZLKA5F99UJ51U6ML3IMP068U,79,1516059977546,""" t:[1516059977546] event:[drag_end] piece:[2] move#:[0] move:[18] instance:[prb55905]"""
A2NO0HQPTYBTRH:3IO1LGZLKA5F99UJ51U6ML3IMP068U,80,1516059978838,""" t:[1516059978838] event:[drag_start] piece:[5] move#:[1] move:[33] instance:[prb55905]"""
A2NO0HQPTYBTRH:3IO1LGZLKA5F99UJ51U6ML3IMP068U,81,1516059979185,""" t:[1516059979185] event:[drag_end] piece:[5] move#:[1] move:[30] instance:[prb55905]"""
A2NO0HQPTYBTRH:3IO1LGZLKA5F99UJ51U6ML3IMP068U,82,1516059980052,""" t:[1516059980052] event:[drag_start] piece:[1] move#:[2] move:[16] instance:[prb55905]"""
A2NO0HQPTYBTRH:3IO1LGZLKA5F99UJ51U6ML3IMP068U,83,1516059980284,""" t:[1516059980284] event:[drag_end] piece:[1] move#:[2] move:[22] instance:[prb55905]"""
A2NO0HQPTYBTRH:3IO1LGZLKA5F99UJ51U6ML3IMP068U,84,1516059981214,""" t:[1516059981214] event:[drag_start] piece:[4] move#:[3] move:[17] instance:[prb55905]"""
A2NO0HQPTYBTRH:3IO1LGZLKA5F99UJ51U6ML3IMP068U,85,1516059981853,""" t:[1516059981853] event:[drag_end] piece:[4] move#:[3] move:[17] instance:[prb55905]"""
A2NO0HQPTYBTRH:3IO1LGZLKA5F99UJ51U6ML3IMP068U,86,1516059982768,""" t:[1516059982768] event:[drag_start] piece:[1] move#:[3] move:[22] instance:[prb55905]"""
A2NO0HQPTYBTRH:3IO1LGZLKA5F99UJ51U6ML3IMP068U,87,1516059983041,""" t:[1516059983041] event:[drag_end] piece:[1] move#:[3] move:[4] instance:[prb55905]"""
A2NO0HQPTYBTRH:3IO1LGZLKA5F99UJ51U6ML3IMP068U,88,1516059984186,""" t:[1516059984186] event:[drag_start] piece:[3] move#:[4] move:[26] instance:[prb55905]"""
A2NO0HQPTYBTRH:3IO1LGZLKA5F99UJ51U6ML3IMP068U,89,1516059984501,""" t:[1516059984501] event:[drag_end] piece:[3] move#:[4] move:[28] instance:[prb55905]"""
A2NO0HQPTYBTRH:3IO1LGZLKA5F99UJ51U6ML3IMP068U,90,1516059985168,""" t:[1516059985168] event:[drag_start] piece:[6] move#:[5] move:[3] instance:[prb55905]"""
A2NO0HQPTYBTRH:3IO1LGZLKA5F99UJ51U6ML3IMP068U,91,1516059985511,""" t:[1516059985511] event:[drag_end] piece:[6] move#:[5] move:[21] instance:[prb55905]"""
A2NO0HQPTYBTRH:3IO1LGZLKA5F99UJ51U6ML3IMP068U,92,1516059986201,""" t:[1516059986201] event:[drag_start] piece:[r] move#:[6] move:[12] instance:[prb55905]"""
A2NO0HQPTYBTRH:3IO1LGZLKA5F99UJ51U6ML3IMP068U,93,1516059986490,""" t:[1516059986490] event:[drag_end] piece:[r] move#:[6] move:[14] instance:[prb55905]"""
A2NO0HQPTYBTRH:3IO1LGZLKA5F99UJ51U6ML3IMP068U,94,1516059987202,""" t:[1516059987202] event:[drag_start] piece:[7] move#:[7] move:[0] instance:[prb55905]"""
A2NO0HQPTYBTRH:3IO1LGZLKA5F99UJ51U6ML3IMP068U,95,1516059987435,""" t:[1516059987435] event:[drag_end] piece:[7] move#:[7] move:[2] instance:[prb55905]"""
A2NO0HQPTYBTRH:3IO1LGZLKA5F99UJ51U6ML3IMP068U,96,1516059988221,""" t:[1516059988221] event:[drag_start] piece:[2] move#:[8] move:[18] instance:[prb55905]"""
A2NO0HQPTYBTRH:3IO1LGZLKA5F99UJ51U6ML3IMP068U,97,1516059988486,""" t:[1516059988486] event:[drag_end] piece:[2] move#:[8] move:[0] instance:[prb55905]"""
A2NO0HQPTYBTRH:3IO1LGZLKA5F99UJ51U6ML3IMP068U,98,1516059989158,""" t:[1516059989157] event:[drag_start] piece:[0] move#:[9] move:[19] instance:[prb55905]"""
A2NO0HQPTYBTRH:3IO1LGZLKA5F99UJ51U6ML3IMP068U,99,1516059989374,""" t:[1516059989374] event:[drag_end] piece:[0] move#:[9] move:[1] instance:[prb55905]"""
A2NO0HQPTYBTRH:3IO1LGZLKA5F99UJ51U6ML3IMP068U,100,1516059992077,""" t:[1516059992077] event:[drag_start] piece:[r] move#:[10] move:[14] instance:[prb55905]"""
A2NO0HQPTYBTRH:3IO1LGZLKA5F99UJ51U6ML3IMP068U,101,1516059992360,""" t:[1516059992360] event:[drag_end] piece:[r] move#:[10] move:[12] instance:[prb55905]"""
A2NO0HQPTYBTRH:3IO1LGZLKA5F99UJ51U6ML3IMP068U,102,1516059993239,""" t:[1516059993239] event:[drag_start] piece:[6] move#:[11] move:[21] instance:[prb55905]"""
A2NO0HQPTYBTRH:3IO1LGZLKA5F99UJ51U6ML3IMP068U,103,1516059993474,""" t:[1516059993474] event:[drag_end] piece:[6] move#:[11] move:[9] instance:[prb55905]"""
A2NO0HQPTYBTRH:3IO1LGZLKA5F99UJ51U6ML3IMP068U,104,1516059994213,""" t:[1516059994212] event:[drag_start] piece:[3] move#:[12] move:[28] instance:[prb55905]"""
A2NO0HQPTYBTRH:3IO1LGZLKA5F99UJ51U6ML3IMP068U,105,1516059994448,""" t:[1516059994448] event:[drag_end] piece:[3] move#:[12] move:[24] instance:[prb55905]"""
A2NO0HQPTYBTRH:3IO1LGZLKA5F99UJ51U6ML3IMP068U,106,1516059995328,""" t:[1516059995328] event:[drag_start] piece:[6] move#:[13] move:[9] instance:[prb55905]"""
A2NO0HQPTYBTRH:3IO1LGZLKA5F99UJ51U6ML3IMP068U,107,1516059995650,""" t:[1516059995649] event:[drag_end] piece:[6] move#:[13] move:[21] instance:[prb55905]"""
A2NO0HQPTYBTRH:3IO1LGZLKA5F99UJ51U6ML3IMP068U,108,1516059996290,""" t:[1516059996290] event:[drag_start] piece:[1] move#:[14] move:[4] instance:[prb55905]"""
A2NO0HQPTYBTRH:3IO1LGZLKA5F99UJ51U6ML3IMP068U,109,1516059996560,""" t:[1516059996560] event:[drag_end] piece:[1] move#:[14] move:[22] instance:[prb55905]"""
A2NO0HQPTYBTRH:3IO1LGZLKA5F99UJ51U6ML3IMP068U,110,1516059997229,""" t:[1516059997229] event:[drag_start] piece:[4] move#:[15] move:[17] instance:[prb55905]"""
A2NO0HQPTYBTRH:3IO1LGZLKA5F99UJ51U6ML3IMP068U,111,1516059997474,""" t:[1516059997474] event:[drag_end] piece:[4] move#:[15] move:[29] instance:[prb55905]"""
A2NO0HQPTYBTRH:3IO1LGZLKA5F99UJ51U6ML3IMP068U,112,1516059998338,""" t:[1516059998338] event:[drag_start] piece:[r] move#:[16] move:[12] instance:[prb55905]"""
A2NO0HQPTYBTRH:3IO1LGZLKA5F99UJ51U6ML3IMP068U,113,1516059998552,""" t:[1516059998552] event:[win] piece:[r] move#:[16] move:[12] instance:[prb55905]"""
A2NO0HQPTYBTRH:3IO1LGZLKA5F99UJ51U6ML3IMP068U,114,1516059998648,""" t:[1516059998648] event:[drag_end] piece:[r] move#:[16] move:[16] instance:[prb55905]"""
A2NO0HQPTYBTRH:3IO1LGZLKA5F99UJ51U6ML3IMP068U,115,1516059998649,""" t:[1516059998649] event:[win] piece:[NA] move#:[17] move:[NA] instance:[prb55905]"""
A2NO0HQPTYBTRH:3IO1LGZLKA5F99UJ51U6ML3IMP068U,116,1516059999534,""" t:[1516059999534] event:[start] piece:[NA] move#:[0] move:[NA] instance:[prb37893]"""
A2NO0HQPTYBTRH:3IO1LGZLKA5F99UJ51U6ML3IMP068U,117,1516060010779,""" t:[1516060010779] event:[drag_start] piece:[1] move#:[0] move:[10] instance:[prb37893]"""
A2NO0HQPTYBTRH:3IO1LGZLKA5F99UJ51U6ML3IMP068U,118,1516060011223,""" t:[1516060011223] event:[drag_end] piece:[1] move#:[0] move:[4] instance:[prb37893]"""
A2NO0HQPTYBTRH:3IO1LGZLKA5F99UJ51U6ML3IMP068U,119,1516060012009,""" t:[1516060012008] event:[drag_start] piece:[6] move#:[1] move:[11] instance:[prb37893]"""
A2NO0HQPTYBTRH:3IO1LGZLKA5F99UJ51U6ML3IMP068U,120,1516060012190,""" t:[1516060012190] event:[drag_end] piece:[6] move#:[1] move:[5] instance:[prb37893]"""
A2NO0HQPTYBTRH:3IO1LGZLKA5F99UJ51U6ML3IMP068U,121,1516060012839,""" t:[1516060012839] event:[drag_start] piece:[4] move#:[2] move:[19] instance:[prb37893]"""
A2NO0HQPTYBTRH:3IO1LGZLKA5F99UJ51U6ML3IMP068U,122,1516060013043,""" t:[1516060013043] event:[drag_end] piece:[4] move#:[2] move:[22] instance:[prb37893]"""
A2NO0HQPTYBTRH:3IO1LGZLKA5F99UJ51U6ML3IMP068U,123,1516060013612,""" t:[1516060013612] event:[drag_start] piece:[0] move#:[3] move:[25] instance:[prb37893]"""
A2NO0HQPTYBTRH:3IO1LGZLKA5F99UJ51U6ML3IMP068U,124,1516060013823,""" t:[1516060013823] event:[drag_end] piece:[0] move#:[3] move:[28] instance:[prb37893]"""
A2NO0HQPTYBTRH:3IO1LGZLKA5F99UJ51U6ML3IMP068U,125,1516060014567,""" t:[1516060014567] event:[drag_start] piece:[7] move#:[4] move:[31] instance:[prb37893]"""
A2NO0HQPTYBTRH:3IO1LGZLKA5F99UJ51U6ML3IMP068U,126,1516060014799,""" t:[1516060014799] event:[drag_end] piece:[7] move#:[4] move:[34] instance:[prb37893]"""
A2NO0HQPTYBTRH:3IO1LGZLKA5F99UJ51U6ML3IMP068U,127,1516060015480,""" t:[1516060015480] event:[drag_start] piece:[2] move#:[5] move:[2] instance:[prb37893]"""
A2NO0HQPTYBTRH:3IO1LGZLKA5F99UJ51U6ML3IMP068U,128,1516060015843,""" t:[1516060015843] event:[drag_end] piece:[2] move#:[5] move:[20] instance:[prb37893]"""
A2NO0HQPTYBTRH:3IO1LGZLKA5F99UJ51U6ML3IMP068U,129,1516060016576,""" t:[1516060016576] event:[drag_start] piece:[r] move#:[6] move:[12] instance:[prb37893]"""
A2NO0HQPTYBTRH:3IO1LGZLKA5F99UJ51U6ML3IMP068U,130,1516060016857,""" t:[1516060016857] event:[drag_end] piece:[r] move#:[6] move:[14] instance:[prb37893]"""
A2NO0HQPTYBTRH:3IO1LGZLKA5F99UJ51U6ML3IMP068U,131,1516060018971,""" t:[1516060018971] event:[drag_start] piece:[5] move#:[7] move:[18] instance:[prb37893]"""
A2NO0HQPTYBTRH:3IO1LGZLKA5F99UJ51U6ML3IMP068U,132,1516060019310,""" t:[1516060019310] event:[drag_end] piece:[5] move#:[7] move:[0] instance:[prb37893]"""
A2NO0HQPTYBTRH:3IO1LGZLKA5F99UJ51U6ML3IMP068U,133,1516060020165,""" t:[1516060020165] event:[drag_start] piece:[r] move#:[8] move:[14] instance:[prb37893]"""
A2NO0HQPTYBTRH:3IO1LGZLKA5F99UJ51U6ML3IMP068U,134,1516060020407,""" t:[1516060020407] event:[drag_end] piece:[r] move#:[8] move:[12] instance:[prb37893]"""
A2NO0HQPTYBTRH:3IO1LGZLKA5F99UJ51U6ML3IMP068U,135,1516060021100,""" t:[1516060021100] event:[drag_start] piece:[2] move#:[9] move:[20] instance:[prb37893]"""
A2NO0HQPTYBTRH:3IO1LGZLKA5F99UJ51U6ML3IMP068U,136,1516060021355,""" t:[1516060021355] event:[drag_end] piece:[2] move#:[9] move:[2] instance:[prb37893]"""
A2NO0HQPTYBTRH:3IO1LGZLKA5F99UJ51U6ML3IMP068U,137,1516060022661,""" t:[1516060022661] event:[drag_start] piece:[4] move#:[10] move:[22] instance:[prb37893]"""
A2NO0HQPTYBTRH:3IO1LGZLKA5F99UJ51U6ML3IMP068U,138,1516060022944,""" t:[1516060022944] event:[drag_end] piece:[4] move#:[10] move:[18] instance:[prb37893]"""
A2NO0HQPTYBTRH:3IO1LGZLKA5F99UJ51U6ML3IMP068U,139,1516060023718,""" t:[1516060023718] event:[drag_start] piece:[0] move#:[11] move:[28] instance:[prb37893]"""
A2NO0HQPTYBTRH:3IO1LGZLKA5F99UJ51U6ML3IMP068U,140,1516060024030,""" t:[1516060024030] event:[drag_end] piece:[0] move#:[11] move:[24] instance:[prb37893]"""
A2NO0HQPTYBTRH:3IO1LGZLKA5F99UJ51U6ML3IMP068U,141,1516060024721,""" t:[1516060024721] event:[drag_start] piece:[7] move#:[12] move:[34] instance:[prb37893]"""
A2NO0HQPTYBTRH:3IO1LGZLKA5F99UJ51U6ML3IMP068U,142,1516060025022,""" t:[1516060025022] event:[drag_end] piece:[7] move#:[12] move:[30] instance:[prb37893]"""
A2NO0HQPTYBTRH:3IO1LGZLKA5F99UJ51U6ML3IMP068U,143,1516060025904,""" t:[1516060025904] event:[drag_start] piece:[2] move#:[13] move:[2] instance:[prb37893]"""
A2NO0HQPTYBTRH:3IO1LGZLKA5F99UJ51U6ML3IMP068U,144,1516060026256,""" t:[1516060026256] event:[drag_end] piece:[2] move#:[13] move:[20] instance:[prb37893]"""
A2NO0HQPTYBTRH:3IO1LGZLKA5F99UJ51U6ML3IMP068U,145,1516060026905,""" t:[1516060026905] event:[drag_start] piece:[1] move#:[14] move:[4] instance:[prb37893]"""
A2NO0HQPTYBTRH:3IO1LGZLKA5F99UJ51U6ML3IMP068U,146,1516060027211,""" t:[1516060027211] event:[drag_end] piece:[1] move#:[14] move:[22] instance:[prb37893]"""
A2NO0HQPTYBTRH:3IO1LGZLKA5F99UJ51U6ML3IMP068U,147,1516060028285,""" t:[1516060028285] event:[drag_start] piece:[6] move#:[15] move:[5] instance:[prb37893]"""
A2NO0HQPTYBTRH:3IO1LGZLKA5F99UJ51U6ML3IMP068U,148,1516060028622,""" t:[1516060028622] event:[drag_end] piece:[6] move#:[15] move:[23] instance:[prb37893]"""
A2NO0HQPTYBTRH:3IO1LGZLKA5F99UJ51U6ML3IMP068U,149,1516060029386,""" t:[1516060029386] event:[drag_start] piece:[r] move#:[16] move:[12] instance:[prb37893]"""
A2NO0HQPTYBTRH:3IO1LGZLKA5F99UJ51U6ML3IMP068U,150,1516060029609,""" t:[1516060029609] event:[win] piece:[r] move#:[16] move:[12] instance:[prb37893]"""
A2NO0HQPTYBTRH:3IO1LGZLKA5F99UJ51U6ML3IMP068U,151,1516060029719,""" t:[1516060029719] event:[drag_end] piece:[r] move#:[16] move:[16] instance:[prb37893]"""
A2NO0HQPTYBTRH:3IO1LGZLKA5F99UJ51U6ML3IMP068U,152,1516060029721,""" t:[1516060029721] event:[win] piece:[NA] move#:[17] move:[NA] instance:[prb37893]"""
A2NO0HQPTYBTRH:3IO1LGZLKA5F99UJ51U6ML3IMP068U,153,1516060029724,"{""phase"": ""postquestionnaire"", ""status"": ""begin""}"
A2NO0HQPTYBTRH:3IO1LGZLKA5F99UJ51U6ML3IMP068U,154,1516060060395,"{""phase"": ""postquestionnaire"", ""status"": ""submit""}"
A1K7JHGZXUXULD:3WMINLGALCBI8EWZCQRN4C1N8ZBACU,0,1516060096375,"{""phase"": ""INSTRUCTIONS"", ""templates"": [""instructions/instruct-1.html"", ""instructions/instruct-2.html"", ""instructions/instruct-2_2.html"", ""instructions/instruct-3.html"", ""instructions/instruct-4.html"", ""instructions/instruct-5.html"", ""instructions/instruct-6.html"", ""instructions/instruct-ready.html""], ""action"": ""Begin""}"
A1K7JHGZXUXULD:3WMINLGALCBI8EWZCQRN4C1N8ZBACU,1,1516060098145,"{""phase"": ""INSTRUCTIONS"", ""indexOf"": 0, ""viewTime"": 1768, ""action"": ""NextPage"", ""template"": ""instructions/instruct-1.html""}"
A1K7JHGZXUXULD:3WMINLGALCBI8EWZCQRN4C1N8ZBACU,2,1516060099268,"{""phase"": ""INSTRUCTIONS"", ""indexOf"": 1, ""viewTime"": 1122, ""action"": ""NextPage"", ""template"": ""instructions/instruct-2.html""}"
A1K7JHGZXUXULD:3WMINLGALCBI8EWZCQRN4C1N8ZBACU,3,1516060100133,"{""phase"": ""INSTRUCTIONS"", ""indexOf"": 2, ""viewTime"": 863, ""action"": ""NextPage"", ""template"": ""instructions/instruct-2_2.html""}"
A1K7JHGZXUXULD:3WMINLGALCBI8EWZCQRN4C1N8ZBACU,4,1516060101063,"{""phase"": ""INSTRUCTIONS"", ""indexOf"": 3, ""viewTime"": 929, ""action"": ""NextPage"", ""template"": ""instructions/instruct-3.html""}"
A1K7JHGZXUXULD:3WMINLGALCBI8EWZCQRN4C1N8ZBACU,5,1516060102224,"{""phase"": ""INSTRUCTIONS"", ""indexOf"": 4, ""viewTime"": 1158, ""action"": ""NextPage"", ""template"": ""instructions/instruct-4.html""}"
A1K7JHGZXUXULD:3WMINLGALCBI8EWZCQRN4C1N8ZBACU,6,1516060103583,"{""phase"": ""INSTRUCTIONS"", ""indexOf"": 5, ""viewTime"": 1357, ""action"": ""NextPage"", ""template"": ""instructions/instruct-5.html""}"
A1K7JHGZXUXULD:3WMINLGALCBI8EWZCQRN4C1N8ZBACU,7,1516060109003,"{""phase"": ""INSTRUCTIONS"", ""indexOf"": 6, ""viewTime"": 5419, ""action"": ""NextPage"", ""template"": ""instructions/instruct-6.html""}"
A1K7JHGZXUXULD:3WMINLGALCBI8EWZCQRN4C1N8ZBACU,8,1516060110794,"{""phase"": ""INSTRUCTIONS"", ""indexOf"": 7, ""viewTime"": 1789, ""action"": ""FinishInstructions"", ""template"": ""instructions/instruct-ready.html""}"
A1K7JHGZXUXULD:3WMINLGALCBI8EWZCQRN4C1N8ZBACU,9,1516060110817,""" t:[1516060110817] event:[start] piece:[NA] move#:[0] move:[NA] instance:[prb37893]"""
A1K7JHGZXUXULD:3WMINLGALCBI8EWZCQRN4C1N8ZBACU,10,1516060119830,""" t:[1516060119830] event:[drag_start] piece:[1] move#:[0] move:[10] instance:[prb37893]"""
A1K7JHGZXUXULD:3WMINLGALCBI8EWZCQRN4C1N8ZBACU,11,1516060120710,""" t:[1516060120710] event:[drag_end] piece:[1] move#:[0] move:[4] instance:[prb37893]"""
A1K7JHGZXUXULD:3WMINLGALCBI8EWZCQRN4C1N8ZBACU,12,1516060121263,""" t:[1516060121263] event:[drag_start] piece:[6] move#:[1] move:[11] instance:[prb37893]"""
A1K7JHGZXUXULD:3WMINLGALCBI8EWZCQRN4C1N8ZBACU,13,1516060121447,""" t:[1516060121447] event:[drag_end] piece:[6] move#:[1] move:[5] instance:[prb37893]"""
A1K7JHGZXUXULD:3WMINLGALCBI8EWZCQRN4C1N8ZBACU,14,1516060122194,""" t:[1516060122194] event:[drag_start] piece:[4] move#:[2] move:[19] instance:[prb37893]"""
A1K7JHGZXUXULD:3WMINLGALCBI8EWZCQRN4C1N8ZBACU,15,1516060122451,""" t:[1516060122451] event:[drag_end] piece:[4] move#:[2] move:[22] instance:[prb37893]"""
A1K7JHGZXUXULD:3WMINLGALCBI8EWZCQRN4C1N8ZBACU,16,1516060123656,""" t:[1516060123656] event:[drag_start] piece:[0] move#:[3] move:[25] instance:[prb37893]"""
A1K7JHGZXUXULD:3WMINLGALCBI8EWZCQRN4C1N8ZBACU,17,1516060123893,""" t:[1516060123893] event:[drag_end] piece:[0] move#:[3] move:[28] instance:[prb37893]"""
A1K7JHGZXUXULD:3WMINLGALCBI8EWZCQRN4C1N8ZBACU,18,1516060124576,""" t:[1516060124576] event:[drag_start] piece:[7] move#:[4] move:[31] instance:[prb37893]"""
A1K7JHGZXUXULD:3WMINLGALCBI8EWZCQRN4C1N8ZBACU,19,1516060124775,""" t:[1516060124775] event:[drag_end] piece:[7] move#:[4] move:[34] instance:[prb37893]"""
A1K7JHGZXUXULD:3WMINLGALCBI8EWZCQRN4C1N8ZBACU,20,1516060125388,""" t:[1516060125388] event:[drag_start] piece:[2] move#:[5] move:[2] instance:[prb37893]"""
A1K7JHGZXUXULD:3WMINLGALCBI8EWZCQRN4C1N8ZBACU,21,1516060125625,""" t:[1516060125625] event:[drag_end] piece:[2] move#:[5] move:[20] instance:[prb37893]"""
A1K7JHGZXUXULD:3WMINLGALCBI8EWZCQRN4C1N8ZBACU,22,1516060126235,""" t:[1516060126235] event:[drag_start] piece:[r] move#:[6] move:[12] instance:[prb37893]"""
A1K7JHGZXUXULD:3WMINLGALCBI8EWZCQRN4C1N8ZBACU,23,1516060126443,""" t:[1516060126443] event:[drag_end] piece:[r] move#:[6] move:[14] instance:[prb37893]"""
A1K7JHGZXUXULD:3WMINLGALCBI8EWZCQRN4C1N8ZBACU,24,1516060127222,""" t:[1516060127222] event:[drag_start] piece:[5] move#:[7] move:[18] instance:[prb37893]"""
A1K7JHGZXUXULD:3WMINLGALCBI8EWZCQRN4C1N8ZBACU,25,1516060127446,""" t:[1516060127446] event:[drag_end] piece:[5] move#:[7] move:[0] instance:[prb37893]"""
A1K7JHGZXUXULD:3WMINLGALCBI8EWZCQRN4C1N8ZBACU,26,1516060128104,""" t:[1516060128104] event:[drag_start] piece:[r] move#:[8] move:[14] instance:[prb37893]"""
A1K7JHGZXUXULD:3WMINLGALCBI8EWZCQRN4C1N8ZBACU,27,1516060128321,""" t:[1516060128321] event:[drag_end] piece:[r] move#:[8] move:[12] instance:[prb37893]"""
A1K7JHGZXUXULD:3WMINLGALCBI8EWZCQRN4C1N8ZBACU,28,1516060129053,""" t:[1516060129053] event:[drag_start] piece:[2] move#:[9] move:[20] instance:[prb37893]"""
A1K7JHGZXUXULD:3WMINLGALCBI8EWZCQRN4C1N8ZBACU,29,1516060129278,""" t:[1516060129278] event:[drag_end] piece:[2] move#:[9] move:[2] instance:[prb37893]"""
A1K7JHGZXUXULD:3WMINLGALCBI8EWZCQRN4C1N8ZBACU,30,1516060130199,""" t:[1516060130199] event:[drag_start] piece:[4] move#:[10] move:[22] instance:[prb37893]"""
A1K7JHGZXUXULD:3WMINLGALCBI8EWZCQRN4C1N8ZBACU,31,1516060130471,""" t:[1516060130471] event:[drag_end] piece:[4] move#:[10] move:[18] instance:[prb37893]"""
A1K7JHGZXUXULD:3WMINLGALCBI8EWZCQRN4C1N8ZBACU,32,1516060131205,""" t:[1516060131205] event:[drag_start] piece:[0] move#:[11] move:[28] instance:[prb37893]"""
A1K7JHGZXUXULD:3WMINLGALCBI8EWZCQRN4C1N8ZBACU,33,1516060131476,""" t:[1516060131476] event:[drag_end] piece:[0] move#:[11] move:[24] instance:[prb37893]"""
A1K7JHGZXUXULD:3WMINLGALCBI8EWZCQRN4C1N8ZBACU,34,1516060132465,""" t:[1516060132465] event:[drag_start] piece:[7] move#:[12] move:[34] instance:[prb37893]"""
A1K7JHGZXUXULD:3WMINLGALCBI8EWZCQRN4C1N8ZBACU,35,1516060132756,""" t:[1516060132756] event:[drag_end] piece:[7] move#:[12] move:[30] instance:[prb37893]"""
A1K7JHGZXUXULD:3WMINLGALCBI8EWZCQRN4C1N8ZBACU,36,1516060134057,""" t:[1516060134057] event:[drag_start] piece:[2] move#:[13] move:[2] instance:[prb37893]"""
A1K7JHGZXUXULD:3WMINLGALCBI8EWZCQRN4C1N8ZBACU,37,1516060134296,""" t:[1516060134296] event:[drag_end] piece:[2] move#:[13] move:[20] instance:[prb37893]"""
A1K7JHGZXUXULD:3WMINLGALCBI8EWZCQRN4C1N8ZBACU,38,1516060135003,""" t:[1516060135003] event:[drag_start] piece:[1] move#:[14] move:[4] instance:[prb37893]"""
A1K7JHGZXUXULD:3WMINLGALCBI8EWZCQRN4C1N8ZBACU,39,1516060135235,""" t:[1516060135235] event:[drag_end] piece:[1] move#:[14] move:[22] instance:[prb37893]"""
A1K7JHGZXUXULD:3WMINLGALCBI8EWZCQRN4C1N8ZBACU,40,1516060135797,""" t:[1516060135797] event:[drag_start] piece:[6] move#:[15] move:[5] instance:[prb37893]"""
A1K7JHGZXUXULD:3WMINLGALCBI8EWZCQRN4C1N8ZBACU,41,1516060136044,""" t:[1516060136044] event:[drag_end] piece:[6] move#:[15] move:[23] instance:[prb37893]"""
A1K7JHGZXUXULD:3WMINLGALCBI8EWZCQRN4C1N8ZBACU,42,1516060136952,""" t:[1516060136952] event:[drag_start] piece:[r] move#:[16] move:[12] instance:[prb37893]"""
A1K7JHGZXUXULD:3WMINLGALCBI8EWZCQRN4C1N8ZBACU,43,1516060137103,""" t:[1516060137103] event:[win] piece:[r] move#:[16] move:[12] instance:[prb37893]"""
A1K7JHGZXUXULD:3WMINLGALCBI8EWZCQRN4C1N8ZBACU,44,1516060137189,""" t:[1516060137189] event:[drag_end] piece:[r] move#:[16] move:[16] instance:[prb37893]"""
A1K7JHGZXUXULD:3WMINLGALCBI8EWZCQRN4C1N8ZBACU,45,1516060137190,""" t:[1516060137190] event:[win] piece:[NA] move#:[17] move:[NA] instance:[prb37893]"""
A1K7JHGZXUXULD:3WMINLGALCBI8EWZCQRN4C1N8ZBACU,46,1516060137997,""" t:[1516060137997] event:[start] piece:[NA] move#:[0] move:[NA] instance:[prb28189]"""
A1K7JHGZXUXULD:3WMINLGALCBI8EWZCQRN4C1N8ZBACU,47,1516060151075,""" t:[1516060151075] event:[drag_start] piece:[4] move#:[0] move:[3] instance:[prb28189]"""
A1K7JHGZXUXULD:3WMINLGALCBI8EWZCQRN4C1N8ZBACU,48,1516060151369,""" t:[1516060151369] event:[drag_end] piece:[4] move#:[0] move:[4] instance:[prb28189]"""
A1K7JHGZXUXULD:3WMINLGALCBI8EWZCQRN4C1N8ZBACU,49,1516060153514,""" t:[1516060153514] event:[drag_start] piece:[0] move#:[1] move:[27] instance:[prb28189]"""
A1K7JHGZXUXULD:3WMINLGALCBI8EWZCQRN4C1N8ZBACU,50,1516060153855,""" t:[1516060153855] event:[drag_end] piece:[0] move#:[1] move:[24] instance:[prb28189]"""
A1K7JHGZXUXULD:3WMINLGALCBI8EWZCQRN4C1N8ZBACU,51,1516060154804,""" t:[1516060154804] event:[drag_start] piece:[7] move#:[2] move:[15] instance:[prb28189]"""
A1K7JHGZXUXULD:3WMINLGALCBI8EWZCQRN4C1N8ZBACU,52,1516060155092,""" t:[1516060155092] event:[drag_end] piece:[7] move#:[2] move:[27] instance:[prb28189]"""
A1K7JHGZXUXULD:3WMINLGALCBI8EWZCQRN4C1N8ZBACU,53,1516060155886,""" t:[1516060155886] event:[drag_start] piece:[2] move#:[3] move:[8] instance:[prb28189]"""
A1K7JHGZXUXULD:3WMINLGALCBI8EWZCQRN4C1N8ZBACU,54,1516060156112,""" t:[1516060156112] event:[drag_end] piece:[2] move#:[3] move:[2] instance:[prb28189]"""
A1K7JHGZXUXULD:3WMINLGALCBI8EWZCQRN4C1N8ZBACU,55,1516060156969,""" t:[1516060156969] event:[drag_start] piece:[1] move#:[4] move:[10] instance:[prb28189]"""
A1K7JHGZXUXULD:3WMINLGALCBI8EWZCQRN4C1N8ZBACU,56,1516060157320,""" t:[1516060157320] event:[drag_end] piece:[1] move#:[4] move:[28] instance:[prb28189]"""
A1K7JHGZXUXULD:3WMINLGALCBI8EWZCQRN4C1N8ZBACU,57,1516060159126,""" t:[1516060159126] event:[drag_start] piece:[3] move#:[5] move:[11] instance:[prb28189]"""
A1K7JHGZXUXULD:3WMINLGALCBI8EWZCQRN4C1N8ZBACU,58,1516060159628,""" t:[1516060159628] event:[drag_end] piece:[3] move#:[5] move:[23] instance:[prb28189]"""
A1K7JHGZXUXULD:3WMINLGALCBI8EWZCQRN4C1N8ZBACU,59,1516060163422,""" t:[1516060163422] event:[drag_start] piece:[7] move#:[6] move:[27] instance:[prb28189]"""
A1K7JHGZXUXULD:3WMINLGALCBI8EWZCQRN4C1N8ZBACU,60,1516060163680,""" t:[1516060163680] event:[drag_end] piece:[7] move#:[6] move:[3] instance:[prb28189]"""
A1K7JHGZXUXULD:3WMINLGALCBI8EWZCQRN4C1N8ZBACU,61,1516060164683,""" t:[1516060164683] event:[drag_start] piece:[1] move#:[7] move:[28] instance:[prb28189]"""
A1K7JHGZXUXULD:3WMINLGALCBI8EWZCQRN4C1N8ZBACU,62,1516060165191,""" t:[1516060165191] event:[drag_end] piece:[1] move#:[7] move:[28] instance:[prb28189]"""
A1K7JHGZXUXULD:3WMINLGALCBI8EWZCQRN4C1N8ZBACU,63,1516060165806,""" t:[1516060165806] event:[drag_start] piece:[1] move#:[7] move:[28] instance:[prb28189]"""
A1K7JHGZXUXULD:3WMINLGALCBI8EWZCQRN4C1N8ZBACU,64,1516060166066,""" t:[1516060166066] event:[drag_end] piece:[1] move#:[7] move:[10] instance:[prb28189]"""
A1K7JHGZXUXULD:3WMINLGALCBI8EWZCQRN4C1N8ZBACU,65,1516060167095,""" t:[1516060167095] event:[drag_start] piece:[3] move#:[8] move:[23] instance:[prb28189]"""
A1K7JHGZXUXULD:3WMINLGALCBI8EWZCQRN4C1N8ZBACU,66,1516060167339,""" t:[1516060167339] event:[drag_end] piece:[3] move#:[8] move:[11] instance:[prb28189]"""
A1K7JHGZXUXULD:3WMINLGALCBI8EWZCQRN4C1N8ZBACU,67,1516060168290,""" t:[1516060168290] event:[drag_start] piece:[0] move#:[9] move:[24] instance:[prb28189]"""
A1K7JHGZXUXULD:3WMINLGALCBI8EWZCQRN4C1N8ZBACU,68,1516060168624,""" t:[1516060168624] event:[drag_end] piece:[0] move#:[9] move:[27] instance:[prb28189]"""
A1K7JHGZXUXULD:3WMINLGALCBI8EWZCQRN4C1N8ZBACU,69,1516060169543,""" t:[1516060169543] event:[drag_start] piece:[2] move#:[10] move:[2] instance:[prb28189]"""
A1K7JHGZXUXULD:3WMINLGALCBI8EWZCQRN4C1N8ZBACU,70,1516060169923,""" t:[1516060169923] event:[drag_end] piece:[2] move#:[10] move:[20] instance:[prb28189]"""
A1K7JHGZXUXULD:3WMINLGALCBI8EWZCQRN4C1N8ZBACU,71,1516060172406,""" t:[1516060172406] event:[drag_start] piece:[7] move#:[11] move:[3] instance:[prb28189]"""
A1K7JHGZXUXULD:3WMINLGALCBI8EWZCQRN4C1N8ZBACU,72,1516060172830,""" t:[1516060172830] event:[drag_end] piece:[7] move#:[11] move:[15] instance:[prb28189]"""
A1K7JHGZXUXULD:3WMINLGALCBI8EWZCQRN4C1N8ZBACU,73,1516060173714,""" t:[1516060173714] event:[drag_start] piece:[4] move#:[12] move:[4] instance:[prb28189]"""
A1K7JHGZXUXULD:3WMINLGALCBI8EWZCQRN4C1N8ZBACU,74,1516060174241,""" t:[1516060174241] event:[drag_end] piece:[4] move#:[12] move:[2] instance:[prb28189]"""
A1K7JHGZXUXULD:3WMINLGALCBI8EWZCQRN4C1N8ZBACU,75,1516060176677,""" t:[1516060176677] event:[drag_start] piece:[1] move#:[13] move:[10] instance:[prb28189]"""
A1K7JHGZXUXULD:3WMINLGALCBI8EWZCQRN4C1N8ZBACU,76,1516060176961,""" t:[1516060176960] event:[drag_end] piece:[1] move#:[13] move:[4] instance:[prb28189]"""
A1K7JHGZXUXULD:3WMINLGALCBI8EWZCQRN4C1N8ZBACU,77,1516060178015,""" t:[1516060178015] event:[drag_start] piece:[7] move#:[14] move:[15] instance:[prb28189]"""
A1K7JHGZXUXULD:3WMINLGALCBI8EWZCQRN4C1N8ZBACU,78,1516060178262,""" t:[1516060178262] event:[drag_end] piece:[7] move#:[14] move:[9] instance:[prb28189]"""
A1K7JHGZXUXULD:3WMINLGALCBI8EWZCQRN4C1N8ZBACU,79,1516060181985,""" t:[1516060181985] event:[drag_start] piece:[7] move#:[15] move:[9] instance:[prb28189]"""
A1K7JHGZXUXULD:3WMINLGALCBI8EWZCQRN4C1N8ZBACU,80,1516060182348,""" t:[1516060182348] event:[drag_end] piece:[7] move#:[15] move:[15] instance:[prb28189]"""
A1K7JHGZXUXULD:3WMINLGALCBI8EWZCQRN4C1N8ZBACU,81,1516060183861,""" t:[1516060183861] event:[drag_start] piece:[7] move#:[16] move:[15] instance:[prb28189]"""
A1K7JHGZXUXULD:3WMINLGALCBI8EWZCQRN4C1N8ZBACU,82,1516060184145,""" t:[1516060184145] event:[drag_end] piece:[7] move#:[16] move:[9] instance:[prb28189]"""
A1K7JHGZXUXULD:3WMINLGALCBI8EWZCQRN4C1N8ZBACU,83,1516060184815,""" t:[1516060184815] event:[drag_start] piece:[2] move#:[17] move:[20] instance:[prb28189]"""
A1K7JHGZXUXULD:3WMINLGALCBI8EWZCQRN4C1N8ZBACU,84,1516060185080,""" t:[1516060185080] event:[drag_end] piece:[2] move#:[17] move:[8] instance:[prb28189]"""
A1K7JHGZXUXULD:3WMINLGALCBI8EWZCQRN4C1N8ZBACU,85,1516060185915,""" t:[1516060185915] event:[drag_start] piece:[0] move#:[18] move:[27] instance:[prb28189]"""
A1K7JHGZXUXULD:3WMINLGALCBI8EWZCQRN4C1N8ZBACU,86,1516060186281,""" t:[1516060186281] event:[drag_end] piece:[0] move#:[18] move:[24] instance:[prb28189]"""
A1K7JHGZXUXULD:3WMINLGALCBI8EWZCQRN4C1N8ZBACU,87,1516060187035,""" t:[1516060187035] event:[drag_start] piece:[7] move#:[19] move:[9] instance:[prb28189]"""
A1K7JHGZXUXULD:3WMINLGALCBI8EWZCQRN4C1N8ZBACU,88,1516060187477,""" t:[1516060187476] event:[drag_end] piece:[7] move#:[19] move:[27] instance:[prb28189]"""
A1K7JHGZXUXULD:3WMINLGALCBI8EWZCQRN4C1N8ZBACU,89,1516060188213,""" t:[1516060188213] event:[drag_start] piece:[1] move#:[20] move:[4] instance:[prb28189]"""
A1K7JHGZXUXULD:3WMINLGALCBI8EWZCQRN4C1N8ZBACU,90,1516060188605,""" t:[1516060188605] event:[drag_end] piece:[1] move#:[20] move:[28] instance:[prb28189]"""
A1K7JHGZXUXULD:3WMINLGALCBI8EWZCQRN4C1N8ZBACU,91,1516060189463,""" t:[1516060189463] event:[drag_start] piece:[4] move#:[21] move:[2] instance:[prb28189]"""
A1K7JHGZXUXULD:3WMINLGALCBI8EWZCQRN4C1N8ZBACU,92,1516060189815,""" t:[1516060189815] event:[drag_end] piece:[4] move#:[21] move:[4] instance:[prb28189]"""
A1K7JHGZXUXULD:3WMINLGALCBI8EWZCQRN4C1N8ZBACU,93,1516060190498,""" t:[1516060190497] event:[drag_start] piece:[2] move#:[22] move:[8] instance:[prb28189]"""
A1K7JHGZXUXULD:3WMINLGALCBI8EWZCQRN4C1N8ZBACU,94,1516060190753,""" t:[1516060190753] event:[drag_end] piece:[2] move#:[22] move:[2] instance:[prb28189]"""
A1K7JHGZXUXULD:3WMINLGALCBI8EWZCQRN4C1N8ZBACU,95,1516060192249,""" t:[1516060192249] event:[drag_start] piece:[3] move#:[23] move:[11] instance:[prb28189]"""
A1K7JHGZXUXULD:3WMINLGALCBI8EWZCQRN4C1N8ZBACU,96,1516060192601,""" t:[1516060192601] event:[drag_end] piece:[3] move#:[23] move:[23] instance:[prb28189]"""
A1K7JHGZXUXULD:3WMINLGALCBI8EWZCQRN4C1N8ZBACU,97,1516060194260,""" t:[1516060194259] event:[drag_start] piece:[7] move#:[24] move:[27] instance:[prb28189]"""
A1K7JHGZXUXULD:3WMINLGALCBI8EWZCQRN4C1N8ZBACU,98,1516060194670,""" t:[1516060194669] event:[drag_end] piece:[7] move#:[24] move:[27] instance:[prb28189]"""
A1K7JHGZXUXULD:3WMINLGALCBI8EWZCQRN4C1N8ZBACU,99,1516060200805,""" t:[1516060200805] event:[drag_start] piece:[3] move#:[24] move:[23] instance:[prb28189]"""
A1K7JHGZXUXULD:3WMINLGALCBI8EWZCQRN4C1N8ZBACU,100,1516060201144,""" t:[1516060201144] event:[drag_end] piece:[3] move#:[24] move:[11] instance:[prb28189]"""
A1K7JHGZXUXULD:3WMINLGALCBI8EWZCQRN4C1N8ZBACU,101,1516060202241,""" t:[1516060202241] event:[drag_start] piece:[1] move#:[25] move:[28] instance:[prb28189]"""
A1K7JHGZXUXULD:3WMINLGALCBI8EWZCQRN4C1N8ZBACU,102,1516060202521,""" t:[1516060202521] event:[drag_end] piece:[1] move#:[25] move:[10] instance:[prb28189]"""
A1K7JHGZXUXULD:3WMINLGALCBI8EWZCQRN4C1N8ZBACU,103,1516060204260,""" t:[1516060204260] event:[drag_start] piece:[7] move#:[26] move:[27] instance:[prb28189]"""
A1K7JHGZXUXULD:3WMINLGALCBI8EWZCQRN4C1N8ZBACU,104,1516060204693,""" t:[1516060204693] event:[drag_end] piece:[7] move#:[26] move:[3] instance:[prb28189]"""
A1K7JHGZXUXULD:3WMINLGALCBI8EWZCQRN4C1N8ZBACU,105,1516060205533,""" t:[1516060205533] event:[drag_start] piece:[0] move#:[27] move:[24] instance:[prb28189]"""
A1K7JHGZXUXULD:3WMINLGALCBI8EWZCQRN4C1N8ZBACU,106,1516060205855,""" t:[1516060205855] event:[drag_end] piece:[0] move#:[27] move:[27] instance:[prb28189]"""
A1K7JHGZXUXULD:3WMINLGALCBI8EWZCQRN4C1N8ZBACU,107,1516060206569,""" t:[1516060206569] event:[drag_start] piece:[2] move#:[28] move:[2] instance:[prb28189]"""
A1K7JHGZXUXULD:3WMINLGALCBI8EWZCQRN4C1N8ZBACU,108,1516060207338,""" t:[1516060207337] event:[drag_end] piece:[2] move#:[28] move:[20] instance:[prb28189]"""
A1K7JHGZXUXULD:3WMINLGALCBI8EWZCQRN4C1N8ZBACU,109,1516060211300,""" t:[1516060211300] event:[drag_start] piece:[2] move#:[29] move:[20] instance:[prb28189]"""
A1K7JHGZXUXULD:3WMINLGALCBI8EWZCQRN4C1N8ZBACU,110,1516060212799,""" t:[1516060212799] event:[drag_end] piece:[2] move#:[29] move:[20] instance:[prb28189]"""
A1K7JHGZXUXULD:3WMINLGALCBI8EWZCQRN4C1N8ZBACU,111,1516060214834,""" t:[1516060214834] event:[drag_start] piece:[7] move#:[29] move:[3] instance:[prb28189]"""
A1K7JHGZXUXULD:3WMINLGALCBI8EWZCQRN4C1N8ZBACU,112,1516060216028,""" t:[1516060216028] event:[drag_end] piece:[7] move#:[29] move:[15] instance:[prb28189]"""
A1K7JHGZXUXULD:3WMINLGALCBI8EWZCQRN4C1N8ZBACU,113,1516060216926,""" t:[1516060216926] event:[drag_start] piece:[4] move#:[30] move:[4] instance:[prb28189]"""
A1K7JHGZXUXULD:3WMINLGALCBI8EWZCQRN4C1N8ZBACU,114,1516060217448,""" t:[1516060217448] event:[drag_end] piece:[4] move#:[30] move:[2] instance:[prb28189]"""
A1K7JHGZXUXULD:3WMINLGALCBI8EWZCQRN4C1N8ZBACU,115,1516060218439,""" t:[1516060218439] event:[drag_start] piece:[7] move#:[31] move:[15] instance:[prb28189]"""
A1K7JHGZXUXULD:3WMINLGALCBI8EWZCQRN4C1N8ZBACU,116,1516060218793,""" t:[1516060218793] event:[drag_end] piece:[7] move#:[31] move:[9] instance:[prb28189]"""
A1K7JHGZXUXULD:3WMINLGALCBI8EWZCQRN4C1N8ZBACU,117,1516060219530,""" t:[1516060219530] event:[drag_start] piece:[2] move#:[32] move:[20] instance:[prb28189]"""
A1K7JHGZXUXULD:3WMINLGALCBI8EWZCQRN4C1N8ZBACU,118,1516060219947,""" t:[1516060219947] event:[drag_end] piece:[2] move#:[32] move:[8] instance:[prb28189]"""
A1K7JHGZXUXULD:3WMINLGALCBI8EWZCQRN4C1N8ZBACU,119,1516060220653,""" t:[1516060220653] event:[drag_start] piece:[0] move#:[33] move:[27] instance:[prb28189]"""
A1K7JHGZXUXULD:3WMINLGALCBI8EWZCQRN4C1N8ZBACU,120,1516060220910,""" t:[1516060220910] event:[drag_end] piece:[0] move#:[33] move:[24] instance:[prb28189]"""
A1K7JHGZXUXULD:3WMINLGALCBI8EWZCQRN4C1N8ZBACU,121,1516060222007,""" t:[1516060222007] event:[drag_start] piece:[7] move#:[34] move:[9] instance:[prb28189]"""
A1K7JHGZXUXULD:3WMINLGALCBI8EWZCQRN4C1N8ZBACU,122,1516060222393,""" t:[1516060222393] event:[drag_end] piece:[7] move#:[34] move:[27] instance:[prb28189]"""
A1K7JHGZXUXULD:3WMINLGALCBI8EWZCQRN4C1N8ZBACU,123,1516060223553,""" t:[1516060223553] event:[drag_start] piece:[4] move#:[35] move:[2] instance:[prb28189]"""
A1K7JHGZXUXULD:3WMINLGALCBI8EWZCQRN4C1N8ZBACU,124,1516060224050,""" t:[1516060224050] event:[drag_end] piece:[4] move#:[35] move:[4] instance:[prb28189]"""
A1K7JHGZXUXULD:3WMINLGALCBI8EWZCQRN4C1N8ZBACU,125,1516060225252,""" t:[1516060225252] event:[drag_start] piece:[4] move#:[36] move:[4] instance:[prb28189]"""
A1K7JHGZXUXULD:3WMINLGALCBI8EWZCQRN4C1N8ZBACU,126,1516060225551,""" t:[1516060225551] event:[drag_end] piece:[4] move#:[36] move:[2] instance:[prb28189]"""
A1K7JHGZXUXULD:3WMINLGALCBI8EWZCQRN4C1N8ZBACU,127,1516060226126,""" t:[1516060226126] event:[drag_start] piece:[1] move#:[37] move:[10] instance:[prb28189]"""
A1K7JHGZXUXULD:3WMINLGALCBI8EWZCQRN4C1N8ZBACU,128,1516060226350,""" t:[1516060226350] event:[drag_end] piece:[1] move#:[37] move:[4] instance:[prb28189]"""
A1K7JHGZXUXULD:3WMINLGALCBI8EWZCQRN4C1N8ZBACU,129,1516060226912,""" t:[1516060226912] event:[drag_start] piece:[3] move#:[38] move:[11] instance:[prb28189]"""
A1K7JHGZXUXULD:3WMINLGALCBI8EWZCQRN4C1N8ZBACU,130,1516060227153,""" t:[1516060227153] event:[drag_end] piece:[3] move#:[38] move:[5] instance:[prb28189]"""
A1K7JHGZXUXULD:3WMINLGALCBI8EWZCQRN4C1N8ZBACU,131,1516060229613,""" t:[1516060229613] event:[drag_start] piece:[7] move#:[39] move:[27] instance:[prb28189]"""
A1K7JHGZXUXULD:3WMINLGALCBI8EWZCQRN4C1N8ZBACU,132,1516060229903,""" t:[1516060229903] event:[drag_end] piece:[7] move#:[39] move:[9] instance:[prb28189]"""
A1K7JHGZXUXULD:3WMINLGALCBI8EWZCQRN4C1N8ZBACU,133,1516060230597,""" t:[1516060230597] event:[drag_start] piece:[0] move#:[40] move:[24] instance:[prb28189]"""
A1K7JHGZXUXULD:3WMINLGALCBI8EWZCQRN4C1N8ZBACU,134,1516060230902,""" t:[1516060230902] event:[drag_end] piece:[0] move#:[40] move:[27] instance:[prb28189]"""
A1K7JHGZXUXULD:3WMINLGALCBI8EWZCQRN4C1N8ZBACU,135,1516060231600,""" t:[1516060231600] event:[drag_start] piece:[2] move#:[41] move:[8] instance:[prb28189]"""
A1K7JHGZXUXULD:3WMINLGALCBI8EWZCQRN4C1N8ZBACU,136,1516060231899,""" t:[1516060231899] event:[drag_end] piece:[2] move#:[41] move:[20] instance:[prb28189]"""
A1K7JHGZXUXULD:3WMINLGALCBI8EWZCQRN4C1N8ZBACU,137,1516060232618,""" t:[1516060232618] event:[drag_start] piece:[r] move#:[42] move:[12] instance:[prb28189]"""
A1K7JHGZXUXULD:3WMINLGALCBI8EWZCQRN4C1N8ZBACU,138,1516060232906,""" t:[1516060232906] event:[drag_end] piece:[r] move#:[42] move:[13] instance:[prb28189]"""
A1K7JHGZXUXULD:3WMINLGALCBI8EWZCQRN4C1N8ZBACU,139,1516060233396,""" t:[1516060233396] event:[drag_start] piece:[7] move#:[43] move:[9] instance:[prb28189]"""
A1K7JHGZXUXULD:3WMINLGALCBI8EWZCQRN4C1N8ZBACU,140,1516060233725,""" t:[1516060233725] event:[drag_end] piece:[7] move#:[43] move:[15] instance:[prb28189]"""
A1K7JHGZXUXULD:3WMINLGALCBI8EWZCQRN4C1N8ZBACU,141,1516060234407,""" t:[1516060234407] event:[drag_start] piece:[1] move#:[44] move:[4] instance:[prb28189]"""
A1K7JHGZXUXULD:3WMINLGALCBI8EWZCQRN4C1N8ZBACU,142,1516060234743,""" t:[1516060234743] event:[drag_end] piece:[1] move#:[44] move:[16] instance:[prb28189]"""
A1K7JHGZXUXULD:3WMINLGALCBI8EWZCQRN4C1N8ZBACU,143,1516060235433,""" t:[1516060235433] event:[drag_start] piece:[4] move#:[45] move:[2] instance:[prb28189]"""
A1K7JHGZXUXULD:3WMINLGALCBI8EWZCQRN4C1N8ZBACU,144,1516060235736,""" t:[1516060235736] event:[drag_end] piece:[4] move#:[45] move:[3] instance:[prb28189]"""
A1K7JHGZXUXULD:3WMINLGALCBI8EWZCQRN4C1N8ZBACU,145,1516060236979,""" t:[1516060236979] event:[drag_start] piece:[r] move#:[46] move:[13] instance:[prb28189]"""
A1K7JHGZXUXULD:3WMINLGALCBI8EWZCQRN4C1N8ZBACU,146,1516060237235,""" t:[1516060237235] event:[drag_end] piece:[r] move#:[46] move:[12] instance:[prb28189]"""
A1K7JHGZXUXULD:3WMINLGALCBI8EWZCQRN4C1N8ZBACU,147,1516060238022,""" t:[1516060238022] event:[drag_start] piece:[2] move#:[47] move:[20] instance:[prb28189]"""
A1K7JHGZXUXULD:3WMINLGALCBI8EWZCQRN4C1N8ZBACU,148,1516060238288,""" t:[1516060238288] event:[drag_end] piece:[2] move#:[47] move:[2] instance:[prb28189]"""
A1K7JHGZXUXULD:3WMINLGALCBI8EWZCQRN4C1N8ZBACU,149,1516060239390,""" t:[1516060239390] event:[drag_start] piece:[6] move#:[48] move:[30] instance:[prb28189]"""
A1K7JHGZXUXULD:3WMINLGALCBI8EWZCQRN4C1N8ZBACU,150,1516060239824,""" t:[1516060239824] event:[drag_end] piece:[6] move#:[48] move:[34] instance:[prb28189]"""
A1K7JHGZXUXULD:3WMINLGALCBI8EWZCQRN4C1N8ZBACU,151,1516060240675,""" t:[1516060240675] event:[drag_start] piece:[2] move#:[49] move:[2] instance:[prb28189]"""
A1K7JHGZXUXULD:3WMINLGALCBI8EWZCQRN4C1N8ZBACU,152,1516060241075,""" t:[1516060241075] event:[drag_end] piece:[2] move#:[49] move:[20] instance:[prb28189]"""
A1K7JHGZXUXULD:3WMINLGALCBI8EWZCQRN4C1N8ZBACU,153,1516060242660,""" t:[1516060242660] event:[drag_start] piece:[4] move#:[50] move:[3] instance:[prb28189]"""
A1K7JHGZXUXULD:3WMINLGALCBI8EWZCQRN4C1N8ZBACU,154,1516060243000,""" t:[1516060243000] event:[drag_end] piece:[4] move#:[50] move:[2] instance:[prb28189]"""
A1K7JHGZXUXULD:3WMINLGALCBI8EWZCQRN4C1N8ZBACU,155,1516060244312,""" t:[1516060244312] event:[drag_start] piece:[3] move#:[51] move:[5] instance:[prb28189]"""
A1K7JHGZXUXULD:3WMINLGALCBI8EWZCQRN4C1N8ZBACU,156,1516060244588,""" t:[1516060244588] event:[drag_end] piece:[3] move#:[51] move:[11] instance:[prb28189]"""
A1K7JHGZXUXULD:3WMINLGALCBI8EWZCQRN4C1N8ZBACU,157,1516060245203,""" t:[1516060245203] event:[drag_start] piece:[4] move#:[52] move:[2] instance:[prb28189]"""
A1K7JHGZXUXULD:3WMINLGALCBI8EWZCQRN4C1N8ZBACU,158,1516060245522,""" t:[1516060245522] event:[drag_end] piece:[4] move#:[52] move:[4] instance:[prb28189]"""
A1K7JHGZXUXULD:3WMINLGALCBI8EWZCQRN4C1N8ZBACU,159,1516060246308,""" t:[1516060246308] event:[drag_start] piece:[7] move#:[53] move:[15] instance:[prb28189]"""
A1K7JHGZXUXULD:3WMINLGALCBI8EWZCQRN4C1N8ZBACU,160,1516060246613,""" t:[1516060246613] event:[drag_end] piece:[7] move#:[53] move:[3] instance:[prb28189]"""
A1K7JHGZXUXULD:3WMINLGALCBI8EWZCQRN4C1N8ZBACU,161,1516060247319,""" t:[1516060247319] event:[drag_start] piece:[r] move#:[54] move:[12] instance:[prb28189]"""
A1K7JHGZXUXULD:3WMINLGALCBI8EWZCQRN4C1N8ZBACU,162,1516060247590,""" t:[1516060247590] event:[drag_end] piece:[r] move#:[54] move:[14] instance:[prb28189]"""
A1K7JHGZXUXULD:3WMINLGALCBI8EWZCQRN4C1N8ZBACU,163,1516060248240,""" t:[1516060248240] event:[drag_start] piece:[5] move#:[55] move:[1] instance:[prb28189]"""
A1K7JHGZXUXULD:3WMINLGALCBI8EWZCQRN4C1N8ZBACU,164,1516060248624,""" t:[1516060248624] event:[drag_end] piece:[5] move#:[55] move:[25] instance:[prb28189]"""
A1K7JHGZXUXULD:3WMINLGALCBI8EWZCQRN4C1N8ZBACU,165,1516060249330,""" t:[1516060249330] event:[drag_start] piece:[r] move#:[56] move:[14] instance:[prb28189]"""
A1K7JHGZXUXULD:3WMINLGALCBI8EWZCQRN4C1N8ZBACU,166,1516060249658,""" t:[1516060249658] event:[drag_end] piece:[r] move#:[56] move:[12] instance:[prb28189]"""
A1K7JHGZXUXULD:3WMINLGALCBI8EWZCQRN4C1N8ZBACU,167,1516060250413,""" t:[1516060250412] event:[drag_start] piece:[2] move#:[57] move:[20] instance:[prb28189]"""
A1K7JHGZXUXULD:3WMINLGALCBI8EWZCQRN4C1N8ZBACU,168,1516060250693,""" t:[1516060250693] event:[drag_end] piece:[2] move#:[57] move:[2] instance:[prb28189]"""
A1K7JHGZXUXULD:3WMINLGALCBI8EWZCQRN4C1N8ZBACU,169,1516060253330,""" t:[1516060253330] event:[drag_start] piece:[5] move#:[58] move:[25] instance:[prb28189]"""
A1K7JHGZXUXULD:3WMINLGALCBI8EWZCQRN4C1N8ZBACU,170,1516060253642,""" t:[1516060253642] event:[drag_end] piece:[5] move#:[58] move:[19] instance:[prb28189]"""
A1K7JHGZXUXULD:3WMINLGALCBI8EWZCQRN4C1N8ZBACU,171,1516060254323,""" t:[1516060254323] event:[drag_start] piece:[6] move#:[59] move:[34] instance:[prb28189]"""
A1K7JHGZXUXULD:3WMINLGALCBI8EWZCQRN4C1N8ZBACU,172,1516060254639,""" t:[1516060254639] event:[drag_end] piece:[6] move#:[59] move:[30] instance:[prb28189]"""
A1K7JHGZXUXULD:3WMINLGALCBI8EWZCQRN4C1N8ZBACU,173,1516060255598,""" t:[1516060255598] event:[drag_start] piece:[0] move#:[60] move:[27] instance:[prb28189]"""
A1K7JHGZXUXULD:3WMINLGALCBI8EWZCQRN4C1N8ZBACU,174,1516060255815,""" t:[1516060255815] event:[drag_end] piece:[0] move#:[60] move:[26] instance:[prb28189]"""
A1K7JHGZXUXULD:3WMINLGALCBI8EWZCQRN4C1N8ZBACU,175,1516060256719,""" t:[1516060256719] event:[drag_start] piece:[3] move#:[61] move:[11] instance:[prb28189]"""
A1K7JHGZXUXULD:3WMINLGALCBI8EWZCQRN4C1N8ZBACU,176,1516060257060,""" t:[1516060257060] event:[drag_end] piece:[3] move#:[61] move:[23] instance:[prb28189]"""
A1K7JHGZXUXULD:3WMINLGALCBI8EWZCQRN4C1N8ZBACU,177,1516060257864,""" t:[1516060257864] event:[drag_start] piece:[7] move#:[62] move:[3] instance:[prb28189]"""
A1K7JHGZXUXULD:3WMINLGALCBI8EWZCQRN4C1N8ZBACU,178,1516060258195,""" t:[1516060258195] event:[drag_end] piece:[7] move#:[62] move:[15] instance:[prb28189]"""
A1K7JHGZXUXULD:3WMINLGALCBI8EWZCQRN4C1N8ZBACU,179,1516060258835,""" t:[1516060258835] event:[drag_start] piece:[4] move#:[63] move:[4] instance:[prb28189]"""
A1K7JHGZXUXULD:3WMINLGALCBI8EWZCQRN4C1N8ZBACU,180,1516060259116,""" t:[1516060259116] event:[drag_end] piece:[4] move#:[63] move:[3] instance:[prb28189]"""
A1K7JHGZXUXULD:3WMINLGALCBI8EWZCQRN4C1N8ZBACU,181,1516060259845,""" t:[1516060259845] event:[drag_start] piece:[1] move#:[64] move:[16] instance:[prb28189]"""
A1K7JHGZXUXULD:3WMINLGALCBI8EWZCQRN4C1N8ZBACU,182,1516060260095,""" t:[1516060260095] event:[drag_end] piece:[1] move#:[64] move:[10] instance:[prb28189]"""
A1K7JHGZXUXULD:3WMINLGALCBI8EWZCQRN4C1N8ZBACU,183,1516060260688,""" t:[1516060260688] event:[drag_start] piece:[7] move#:[65] move:[15] instance:[prb28189]"""
A1K7JHGZXUXULD:3WMINLGALCBI8EWZCQRN4C1N8ZBACU,184,1516060260896,""" t:[1516060260896] event:[drag_end] piece:[7] move#:[65] move:[9] instance:[prb28189]"""
A1K7JHGZXUXULD:3WMINLGALCBI8EWZCQRN4C1N8ZBACU,185,1516060261841,""" t:[1516060261840] event:[drag_start] piece:[3] move#:[66] move:[23] instance:[prb28189]"""
A1K7JHGZXUXULD:3WMINLGALCBI8EWZCQRN4C1N8ZBACU,186,1516060262097,""" t:[1516060262097] event:[drag_end] piece:[3] move#:[66] move:[5] instance:[prb28189]"""
A1K7JHGZXUXULD:3WMINLGALCBI8EWZCQRN4C1N8ZBACU,187,1516060262971,""" t:[1516060262971] event:[drag_start] piece:[0] move#:[67] move:[26] instance:[prb28189]"""
A1K7JHGZXUXULD:3WMINLGALCBI8EWZCQRN4C1N8ZBACU,188,1516060263292,""" t:[1516060263292] event:[drag_end] piece:[0] move#:[67] move:[27] instance:[prb28189]"""
A1K7JHGZXUXULD:3WMINLGALCBI8EWZCQRN4C1N8ZBACU,189,1516060263973,""" t:[1516060263973] event:[drag_start] piece:[2] move#:[68] move:[2] instance:[prb28189]"""
A1K7JHGZXUXULD:3WMINLGALCBI8EWZCQRN4C1N8ZBACU,190,1516060264348,""" t:[1516060264348] event:[drag_end] piece:[2] move#:[68] move:[20] instance:[prb28189]"""
A1K7JHGZXUXULD:3WMINLGALCBI8EWZCQRN4C1N8ZBACU,191,1516060266344,""" t:[1516060266344] event:[drag_start] piece:[7] move#:[69] move:[9] instance:[prb28189]"""
A1K7JHGZXUXULD:3WMINLGALCBI8EWZCQRN4C1N8ZBACU,192,1516060266649,""" t:[1516060266649] event:[drag_end] piece:[7] move#:[69] move:[15] instance:[prb28189]"""
A1K7JHGZXUXULD:3WMINLGALCBI8EWZCQRN4C1N8ZBACU,193,1516060267331,""" t:[1516060267331] event:[drag_start] piece:[4] move#:[70] move:[3] instance:[prb28189]"""
A1K7JHGZXUXULD:3WMINLGALCBI8EWZCQRN4C1N8ZBACU,194,1516060267539,""" t:[1516060267538] event:[drag_end] piece:[4] move#:[70] move:[1] instance:[prb28189]"""
A1K7JHGZXUXULD:3WMINLGALCBI8EWZCQRN4C1N8ZBACU,195,1516060268381,""" t:[1516060268381] event:[drag_start] piece:[4] move#:[71] move:[1] instance:[prb28189]"""
A1K7JHGZXUXULD:3WMINLGALCBI8EWZCQRN4C1N8ZBACU,196,1516060268639,""" t:[1516060268639] event:[drag_end] piece:[4] move#:[71] move:[0] instance:[prb28189]"""
A1K7JHGZXUXULD:3WMINLGALCBI8EWZCQRN4C1N8ZBACU,197,1516060269328,""" t:[1516060269328] event:[drag_start] piece:[7] move#:[72] move:[15] instance:[prb28189]"""
A1K7JHGZXUXULD:3WMINLGALCBI8EWZCQRN4C1N8ZBACU,198,1516060269560,""" t:[1516060269560] event:[drag_end] piece:[7] move#:[72] move:[3] instance:[prb28189]"""
A1K7JHGZXUXULD:3WMINLGALCBI8EWZCQRN4C1N8ZBACU,199,1516060270305,""" t:[1516060270305] event:[drag_start] piece:[1] move#:[73] move:[10] instance:[prb28189]"""
A1K7JHGZXUXULD:3WMINLGALCBI8EWZCQRN4C1N8ZBACU,200,1516060270546,""" t:[1516060270545] event:[drag_end] piece:[1] move#:[73] move:[4] instance:[prb28189]"""
A1K7JHGZXUXULD:3WMINLGALCBI8EWZCQRN4C1N8ZBACU,201,1516060271289,""" t:[1516060271289] event:[drag_start] piece:[r] move#:[74] move:[12] instance:[prb28189]"""
A1K7JHGZXUXULD:3WMINLGALCBI8EWZCQRN4C1N8ZBACU,202,1516060271603,""" t:[1516060271603] event:[drag_end] piece:[r] move#:[74] move:[15] instance:[prb28189]"""
A1K7JHGZXUXULD:3WMINLGALCBI8EWZCQRN4C1N8ZBACU,203,1516060272341,""" t:[1516060272341] event:[drag_start] piece:[2] move#:[75] move:[20] instance:[prb28189]"""
A1K7JHGZXUXULD:3WMINLGALCBI8EWZCQRN4C1N8ZBACU,204,1516060272614,""" t:[1516060272614] event:[drag_end] piece:[2] move#:[75] move:[2] instance:[prb28189]"""
A1K7JHGZXUXULD:3WMINLGALCBI8EWZCQRN4C1N8ZBACU,205,1516060273308,""" t:[1516060273308] event:[drag_start] piece:[0] move#:[76] move:[27] instance:[prb28189]"""
A1K7JHGZXUXULD:3WMINLGALCBI8EWZCQRN4C1N8ZBACU,206,1516060273527,""" t:[1516060273527] event:[drag_end] piece:[0] move#:[76] move:[26] instance:[prb28189]"""
A1K7JHGZXUXULD:3WMINLGALCBI8EWZCQRN4C1N8ZBACU,207,1516060274200,""" t:[1516060274200] event:[drag_start] piece:[3] move#:[77] move:[5] instance:[prb28189]"""
A1K7JHGZXUXULD:3WMINLGALCBI8EWZCQRN4C1N8ZBACU,208,1516060274515,""" t:[1516060274515] event:[drag_end] piece:[3] move#:[77] move:[23] instance:[prb28189]"""
A1K7JHGZXUXULD:3WMINLGALCBI8EWZCQRN4C1N8ZBACU,209,1516060275250,""" t:[1516060275250] event:[drag_start] piece:[r] move#:[78] move:[15] instance:[prb28189]"""
A1K7JHGZXUXULD:3WMINLGALCBI8EWZCQRN4C1N8ZBACU,210,1516060275380,""" t:[1516060275380] event:[win] piece:[r] move#:[78] move:[15] instance:[prb28189]"""
A1K7JHGZXUXULD:3WMINLGALCBI8EWZCQRN4C1N8ZBACU,211,1516060275460,""" t:[1516060275460] event:[drag_end] piece:[r] move#:[78] move:[16] instance:[prb28189]"""
A1K7JHGZXUXULD:3WMINLGALCBI8EWZCQRN4C1N8ZBACU,212,1516060275462,""" t:[1516060275462] event:[win] piece:[NA] move#:[79] move:[NA] instance:[prb28189]"""
A1K7JHGZXUXULD:3WMINLGALCBI8EWZCQRN4C1N8ZBACU,213,1516060275466,"{""phase"": ""postquestionnaire"", ""status"": ""begin""}"
A1K7JHGZXUXULD:3WMINLGALCBI8EWZCQRN4C1N8ZBACU,214,1516060291973,"{""phase"": ""postquestionnaire"", ""status"": ""submit""}"
