Rec(t='1490117725.97', event='start', piece='None', move_nu='0', move='None', instance='Jam-2')| 10
Rec(t='1490117745.19', event='commit_move', piece='m', move_nu='0', move='(4, 5, 2)', instance='Jam-2')| 11
Rec(t='1490117747.66', event='commit_move', piece='c', move_nu='1', move='(3, 4, 2)', instance='Jam-2')| 12
Rec(t='1490117761.77', event='commit_move', piece='y', move_nu='2', move='(1, 0, 3)', instance='Jam-2')| 11
Rec(t='1490117763.58', event='commit_move', piece='M', move_nu='3', move='(4, 0, 2)', instance='Jam-2')| 10
Rec(t='1490117783.09', event='commit_move', piece='w', move_nu='4', move='(2, 3, 3)', instance='Jam-2')| 11
Rec(t='1490117785.09', event='commit_move', piece='r', move_nu='5', move='(1, 2, 2)', instance='Jam-2')| 10
Rec(t='1490117786.64', event='commit_move', piece='b', move_nu='6', move='(0, 3, 2)', instance='Jam-2')| 10
Rec(t='1490117788.26', event='commit_move', piece='y', move_nu='7', move='(0, 0, 3)', instance='Jam-2')| 8
Rec(t='1490117802.84', event='commit_move', piece='b', move_nu='8', move='(0, 1, 2)', instance='Jam-2')| 7
Rec(t='1490117805.3', event='commit_move', piece='w', move_nu='9', move='(0, 3, 3)', instance='Jam-2')| 6
Rec(t='1490117807.89', event='commit_move', piece='c', move_nu='10', move='(3, 0, 2)', instance='Jam-2')| 5
Rec(t='1490117809.89', event='commit_move', piece='g', move_nu='11', move='(3, 4, 2)', instance='Jam-2')| 4
Rec(t='1490117811.09', event='commit_move', piece='m', move_nu='12', move='(3, 5, 2)', instance='Jam-2')| 3
Rec(t='1490117812.74', event='commit_move', piece='o', move_nu='13', move='(5, 3, 3)', instance='Jam-2')| 2
Rec(t='1490117814.19', event='commit_move', piece='r', move_nu='14', move='(4, 2, 2)', instance='Jam-2')| 2
Rec(t='1490117815.44', event='start', piece='None', move_nu='0', move='None', instance='Jam-3')| 15
Rec(t='1490117826.03', event='commit_move', piece='w', move_nu='0', move='(3, 0, 3)', instance='Jam-3')| 14
Rec(t='1490117827.7', event='commit_move', piece='b', move_nu='1', move='(2, 3, 2)', instance='Jam-3')| 14
Rec(t='1490117837.6', event='commit_move', piece='l', move_nu='2', move='(1, 3, 2)', instance='Jam-3')| 13
Rec(t='1490117839.9', event='commit_move', piece='B', move_nu='3', move='(0, 5, 2)', instance='Jam-3')| 12
Rec(t='1490117850.48', event='commit_move', piece='y', move_nu='4', move='(5, 0, 3)', instance='Jam-3')| 11
Rec(t='1490117852.08', event='commit_move', piece='b', move_nu='5', move='(4, 3, 2)', instance='Jam-3')| 10
Rec(t='1490117853.61', event='commit_move', piece='w', move_nu='6', move='(3, 3, 3)', instance='Jam-3')| 9
Rec(t='1490117866.68', event='start', piece='None', move_nu='0', move='None', instance='Jam-3')| 15
Rec(t='1490117897.82', event='commit_move', piece='w', move_nu='0', move='(3, 0, 3)', instance='Jam-3')| 14
Rec(t='1490117899.05', event='commit_move', piece='b', move_nu='1', move='(2, 3, 2)', instance='Jam-3')| 14
Rec(t='1490117900.28', event='commit_move', piece='l', move_nu='2', move='(1, 3, 2)', instance='Jam-3')| 13
Rec(t='1490117912.47', event='commit_move', piece='B', move_nu='3', move='(3, 5, 2)', instance='Jam-3')| 13
Rec(t='1490117916.09', event='commit_move', piece='l', move_nu='4', move='(1, 4, 2)', instance='Jam-3')| 14
Rec(t='1490117942.19', event='commit_move', piece='b', move_nu='5', move='(0, 3, 2)', instance='Jam-3')| 14
Rec(t='1490117945.32', event='commit_move', piece='y', move_nu='6', move='(5, 0, 3)', instance='Jam-3')| 13
Rec(t='1490117948.29', event='commit_move', piece='B', move_nu='7', move='(4, 5, 2)', instance='Jam-3')| 12
Rec(t='1490117950.53', event='commit_move', piece='w', move_nu='8', move='(3, 3, 3)', instance='Jam-3')| 13
Rec(t='1490117964.17', event='commit_move', piece='w', move_nu='9', move='(3, 0, 3)', instance='Jam-3')| 12
Rec(t='1490117968.14', event='commit_move', piece='B', move_nu='10', move='(2, 5, 2)', instance='Jam-3')| 13
Rec(t='1490117971.62', event='commit_move', piece='b', move_nu='11', move='(3, 3, 2)', instance='Jam-3')| 13
Rec(t='1490117974.12', event='commit_move', piece='l', move_nu='12', move='(1, 3, 2)', instance='Jam-3')| 12
Rec(t='1490117975.75', event='commit_move', piece='B', move_nu='13', move='(0, 5, 2)', instance='Jam-3')| 11
Rec(t='1490117978.06', event='commit_move', piece='b', move_nu='14', move='(4, 3, 2)', instance='Jam-3')| 10
Rec(t='1490117979.97', event='commit_move', piece='w', move_nu='15', move='(3, 3, 3)', instance='Jam-3')| 9
Rec(t='1490117999.6', event='commit_move', piece='r', move_nu='16', move='(2, 2, 2)', instance='Jam-3')| 8
Rec(t='1490118003.45', event='commit_move', piece='l', move_nu='17', move='(1, 0, 2)', instance='Jam-3')| 7
Rec(t='1490118005.05', event='commit_move', piece='r', move_nu='18', move='(0, 2, 2)', instance='Jam-3')| 6
Rec(t='1490118008.66', event='commit_move', piece='w', move_nu='19', move='(3, 0, 3)', instance='Jam-3')| 5
Rec(t='1490118020.16', event='commit_move', piece='b', move_nu='20', move='(0, 3, 2)', instance='Jam-3')| 4
Rec(t='1490118021.71', event='commit_move', piece='w', move_nu='21', move='(3, 3, 3)', instance='Jam-3')| 3
Rec(t='1490118023.6', event='commit_move', piece='y', move_nu='22', move='(5, 3, 3)', instance='Jam-3')| 2
Rec(t='1490118025.46', event='commit_move', piece='r', move_nu='23', move='(4, 2, 2)', instance='Jam-3')| 2
Rec(t='1490117598.97', event='start', piece='None', move_nu='0', move='None', instance='Jam-1')| 9
Rec(t='1490117612.14', event='commit_move', piece='w', move_nu='0', move='(1, 0, 2)', instance='Jam-1')| 8
Rec(t='1490117617.36', event='commit_move', piece='b', move_nu='1', move='(0, 0, 3)', instance='Jam-1')| 7
Rec(t='1490117622.56', event='commit_move', piece='y', move_nu='2', move='(0, 3, 2)', instance='Jam-1')| 6
Rec(t='1490117624.85', event='commit_move', piece='B', move_nu='3', move='(0, 5, 3)', instance='Jam-1')| 5
Rec(t='1490117627.31', event='commit_move', piece='l', move_nu='4', move='(3, 3, 3)', instance='Jam-1')| 6
Rec(t='1490117638.79', event='commit_move', piece='r', move_nu='5', move='(3, 2, 2)', instance='Jam-1')| 7
Rec(t='1490117688.16', event='commit_move', piece='r', move_nu='6', move='(2, 2, 2)', instance='Jam-1')| 7
Rec(t='1490117696.52', event='commit_move', piece='r', move_nu='7', move='(1, 2, 2)', instance='Jam-1')| 6
Rec(t='1490117701.3', event='commit_move', piece='l', move_nu='8', move='(3, 1, 3)', instance='Jam-1')| 5
Rec(t='1490117714.76', event='commit_move', piece='c', move_nu='9', move='(1, 4, 2)', instance='Jam-1')| 4
Rec(t='1490117717.41', event='commit_move', piece='l', move_nu='10', move='(3, 3, 3)', instance='Jam-1')| 3
Rec(t='1490117719.41', event='commit_move', piece='r', move_nu='11', move='(3, 2, 2)', instance='Jam-1')| 3
Rec(t='1490117721.56', event='commit_move', piece='M', move_nu='12', move='(5, 3, 3)', instance='Jam-1')| 2
Rec(t='1490117722.44', event='commit_move', piece='r', move_nu='13', move='(4, 2, 2)', instance='Jam-1')| 2
Rec(t='1490118093.23', event='start', piece='None', move_nu='0', move='None', instance='Jam-6')| 11
Rec(t='1490118116.31', event='commit_move', piece='g', move_nu='0', move='(2, 4, 2)', instance='Jam-6')| 12
Rec(t='1490118117.38', event='commit_move', piece='B', move_nu='1', move='(1, 3, 2)', instance='Jam-6')| 13
Rec(t='1490118118.41', event='commit_move', piece='M', move_nu='2', move='(1, 1, 2)', instance='Jam-6')| 14
Rec(t='1490118119.61', event='commit_move', piece='b', move_nu='3', move='(1, 0, 2)', instance='Jam-6')| 15
Rec(t='1490118124.78', event='commit_move', piece='l', move_nu='4', move='(0, 0, 2)', instance='Jam-6')| 8
Rec(t='1490118139.79', event='commit_move', piece='B', move_nu='5', move='(0, 3, 2)', instance='Jam-6')| 7
Rec(t='1490118141.0', event='commit_move', piece='g', move_nu='6', move='(2, 3, 2)', instance='Jam-6')| 6
Rec(t='1490118142.49', event='commit_move', piece='m', move_nu='7', move='(0, 5, 3)', instance='Jam-6')| 5
Rec(t='1490118144.17', event='commit_move', piece='w', move_nu='8', move='(3, 3, 3)', instance='Jam-6')| 4
Rec(t='1490118145.66', event='commit_move', piece='y', move_nu='9', move='(4, 3, 3)', instance='Jam-6')| 3
Rec(t='1490118147.19', event='commit_move', piece='o', move_nu='10', move='(5, 3, 3)', instance='Jam-6')| 2
Rec(t='1490118148.06', event='commit_move', piece='r', move_nu='11', move='(4, 2, 2)', instance='Jam-6')| 2
Rec(t='1490118150.18', event='start', piece='None', move_nu='0', move='None', instance='Jam-7')| 14
Rec(t='1490118169.07', event='commit_move', piece='l', move_nu='0', move='(5, 3, 2)', instance='Jam-7')| 13
Rec(t='1490118170.02', event='commit_move', piece='c', move_nu='1', move='(4, 1, 2)', instance='Jam-7')| 13
Rec(t='1490118171.27', event='commit_move', piece='B', move_nu='2', move='(5, 1, 2)', instance='Jam-7')| 12
Rec(t='1490118174.75', event='commit_move', piece='y', move_nu='3', move='(4, 0, 2)', instance='Jam-7')| 11
Rec(t='1490118176.02', event='commit_move', piece='M', move_nu='4', move='(3, 0, 2)', instance='Jam-7')| 10
Rec(t='1490118223.53', event='commit_move', piece='r', move_nu='5', move='(2, 2, 2)', instance='Jam-7')| 9
Rec(t='1490118225.65', event='commit_move', piece='b', move_nu='6', move='(1, 4, 2)', instance='Jam-7')| 8
Rec(t='1490118236.82', event='commit_move', piece='c', move_nu='7', move='(4, 4, 2)', instance='Jam-7')| 7
Rec(t='1490118274.42', event='commit_move', piece='r', move_nu='8', move='(0, 2, 2)', instance='Jam-7')| 6
Rec(t='1490118279.51', event='commit_move', piece='g', move_nu='9', move='(0, 3, 2)', instance='Jam-7')| 6
Rec(t='1490118280.79', event='commit_move', piece='M', move_nu='10', move='(3, 2, 2)', instance='Jam-7')| 5
Rec(t='1490118282.24', event='commit_move', piece='y', move_nu='11', move='(0, 0, 2)', instance='Jam-7')| 4
Rec(t='1490118283.36', event='commit_move', piece='B', move_nu='12', move='(5, 0, 2)', instance='Jam-7')| 3
Rec(t='1490118285.59', event='commit_move', piece='M', move_nu='13', move='(3, 0, 2)', instance='Jam-7')| 2
Rec(t='1490118286.94', event='commit_move', piece='r', move_nu='14', move='(4, 2, 2)', instance='Jam-7')| 2
Rec(t='1490118028.05', event='start', piece='None', move_nu='0', move='None', instance='Jam-4')| 10
Rec(t='1490118036.57', event='commit_move', piece='l', move_nu='0', move='(0, 3, 3)', instance='Jam-4')| 9
Rec(t='1490118038.2', event='commit_move', piece='r', move_nu='1', move='(0, 2, 2)', instance='Jam-4')| 8
Rec(t='1490118040.1', event='commit_move', piece='b', move_nu='2', move='(2, 0, 2)', instance='Jam-4')| 7
Rec(t='1490118047.06', event='commit_move', piece='r', move_nu='3', move='(1, 2, 2)', instance='Jam-4')| 6
Rec(t='1490118048.49', event='commit_move', piece='l', move_nu='4', move='(0, 0, 3)', instance='Jam-4')| 5
Rec(t='1490118050.33', event='commit_move', piece='w', move_nu='5', move='(0, 3, 3)', instance='Jam-4')| 4
Rec(t='1490118052.99', event='commit_move', piece='c', move_nu='6', move='(0, 5, 3)', instance='Jam-4')| 3
Rec(t='1490118054.59', event='commit_move', piece='y', move_nu='7', move='(3, 3, 3)', instance='Jam-4')| 2
Rec(t='1490118055.66', event='commit_move', piece='r', move_nu='8', move='(4, 2, 2)', instance='Jam-4')| 2
Rec(t='1490118058.02', event='start', piece='None', move_nu='0', move='None', instance='Jam-5')| 10
Rec(t='1490118071.99', event='commit_move', piece='g', move_nu='0', move='(1, 4, 2)', instance='Jam-5')| 9
Rec(t='1490118073.74', event='commit_move', piece='l', move_nu='1', move='(1, 5, 2)', instance='Jam-5')| 8
Rec(t='1490118076.2', event='commit_move', piece='w', move_nu='2', move='(4, 0, 3)', instance='Jam-5')| 8
Rec(t='1490118077.81', event='commit_move', piece='m', move_nu='3', move='(5, 4, 2)', instance='Jam-5')| 7
Rec(t='1490118083.23', event='commit_move', piece='b', move_nu='4', move='(1, 0, 2)', instance='Jam-5')| 6
Rec(t='1490118084.93', event='commit_move', piece='o', move_nu='5', move='(0, 0, 3)', instance='Jam-5')| 5
Rec(t='1490118086.44', event='commit_move', piece='M', move_nu='6', move='(0, 3, 3)', instance='Jam-5')| 4
Rec(t='1490118088.04', event='commit_move', piece='y', move_nu='7', move='(3, 3, 3)', instance='Jam-5')| 3
Rec(t='1490118089.43', event='commit_move', piece='w', move_nu='8', move='(4, 3, 3)', instance='Jam-5')| 2
Rec(t='1490118090.98', event='commit_move', piece='r', move_nu='9', move='(4, 2, 2)', instance='Jam-5')| 2
Rec(t='1490118288.63', event='start', piece='None', move_nu='0', move='None', instance='Jam-8')| 14
Rec(t='1490118296.4', event='commit_move', piece='c', move_nu='0', move='(0, 1, 2)', instance='Jam-8')| 12
Rec(t='1490118298.15', event='commit_move', piece='b', move_nu='1', move='(0, 0, 2)', instance='Jam-8')| 11
Rec(t='1490118299.92', event='commit_move', piece='B', move_nu='2', move='(2, 0, 2)', instance='Jam-8')| 10
Rec(t='1490118301.37', event='commit_move', piece='g', move_nu='3', move='(3, 0, 2)', instance='Jam-8')| 9
Rec(t='1490118309.29', event='commit_move', piece='M', move_nu='4', move='(4, 0, 2)', instance='Jam-8')| 8
Rec(t='1490118319.73', event='commit_move', piece='r', move_nu='5', move='(3, 2, 2)', instance='Jam-8')| 7
Rec(t='1490118323.31', event='commit_move', piece='t', move_nu='6', move='(2, 2, 2)', instance='Jam-8')| 6
Rec(t='1490118326.15', event='commit_move', piece='o', move_nu='7', move='(2, 4, 3)', instance='Jam-8')| 5
Rec(t='1490118328.1', event='commit_move', piece='w', move_nu='8', move='(2, 5, 3)', instance='Jam-8')| 4
Rec(t='1490118329.55', event='commit_move', piece='m', move_nu='9', move='(3, 3, 2)', instance='Jam-8')| 3
Rec(t='1490118331.02', event='commit_move', piece='y', move_nu='10', move='(5, 3, 3)', instance='Jam-8')| 2
Rec(t='1490118331.7', event='commit_move', piece='r', move_nu='11', move='(4, 2, 2)', instance='Jam-8')| 2
Rec(t='1490118333.29', event='start', piece='None', move_nu='0', move='None', instance='Jam-9')| 13
Rec(t='1490118355.84', event='commit_move', piece='r', move_nu='0', move='(1, 2, 2)', instance='Jam-9')| 12
Rec(t='1490118357.51', event='commit_move', piece='o', move_nu='1', move='(0, 0, 3)', instance='Jam-9')| 11
Rec(t='1490118358.71', event='commit_move', piece='w', move_nu='2', move='(0, 3, 3)', instance='Jam-9')| 10
Rec(t='1490118372.29', event='commit_move', piece='B', move_nu='3', move='(3, 4, 2)', instance='Jam-9')| 9
Rec(t='1490118373.94', event='commit_move', piece='y', move_nu='4', move='(4, 3, 3)', instance='Jam-9')| 8
Rec(t='1490118380.64', event='commit_move', piece='r', move_nu='5', move='(2, 2, 2)', instance='Jam-9')| 7
Rec(t='1490118383.66', event='commit_move', piece='b', move_nu='6', move='(1, 1, 2)', instance='Jam-9')| 6
Rec(t='1490118384.78', event='commit_move', piece='c', move_nu='7', move='(1, 0, 2)', instance='Jam-9')| 5
Rec(t='1490118386.29', event='commit_move', piece='M', move_nu='8', move='(3, 0, 2)', instance='Jam-9')| 4
Rec(t='1490118387.84', event='commit_move', piece='g', move_nu='9', move='(3, 1, 2)', instance='Jam-9')| 3
Rec(t='1490118389.58', event='commit_move', piece='l', move_nu='10', move='(5, 0, 2)', instance='Jam-9')| 2
Rec(t='1490118390.83', event='commit_move', piece='r', move_nu='11', move='(4, 2, 2)', instance='Jam-9')| 2
Rec(t='1490118392.49', event='start', piece='None', move_nu='0', move='None', instance='Jam-10')| 20
Rec(t='1490118399.62', event='commit_move', piece='r', move_nu='0', move='(3, 2, 2)', instance='Jam-10')| 19
Rec(t='1490118415.86', event='start', piece='None', move_nu='0', move='None', instance='Jam-10')| 20
Rec(t='1490118436.7', event='commit_move', piece='m', move_nu='0', move='(1, 5, 2)', instance='Jam-10')| 21
Rec(t='1490118444.54', event='commit_move', piece='m', move_nu='1', move='(0, 5, 2)', instance='Jam-10')| 20
Rec(t='1490118456.81', event='commit_move', piece='M', move_nu='2', move='(3, 0, 2)', instance='Jam-10')| 19
Rec(t='1490118458.0', event='commit_move', piece='y', move_nu='3', move='(5, 0, 3)', instance='Jam-10')| 18
Rec(t='1490118494.63', event='commit_move', piece='m', move_nu='4', move='(1, 5, 2)', instance='Jam-10')| 19
Rec(t='1490118502.35', event='commit_move', piece='m', move_nu='5', move='(0, 5, 2)', instance='Jam-10')| 18
Rec(t='1490118513.11', event='commit_move', piece='r', move_nu='6', move='(3, 2, 2)', instance='Jam-10')| 17
Rec(t='1490118514.47', event='commit_move', piece='w', move_nu='7', move='(3, 3, 3)', instance='Jam-10')| 16
Rec(t='1490118516.22', event='commit_move', piece='c', move_nu='8', move='(2, 4, 2)', instance='Jam-10')| 15
Rec(t='1490118549.04', event='commit_move', piece='c', move_nu='9', move='(2, 3, 2)', instance='Jam-10')| 16
Rec(t='1490118550.38', event='commit_move', piece='m', move_nu='10', move='(1, 5, 2)', instance='Jam-10')| 17
Rec(t='1490118551.66', event='commit_move', piece='o', move_nu='11', move='(0, 3, 3)', instance='Jam-10')| 18
Rec(t='1490118565.62', event='commit_move', piece='B', move_nu='12', move='(1, 1, 2)', instance='Jam-10')| 16
Rec(t='1490118567.08', event='commit_move', piece='b', move_nu='13', move='(1, 0, 2)', instance='Jam-10')| 14
Rec(t='1490118569.62', event='commit_move', piece='o', move_nu='14', move='(0, 0, 3)', instance='Jam-10')| 13
Rec(t='1490118573.14', event='commit_move', piece='m', move_nu='15', move='(0, 5, 2)', instance='Jam-10')| 13
Rec(t='1490118574.22', event='commit_move', piece='c', move_nu='16', move='(2, 4, 2)', instance='Jam-10')| 11
Rec(t='1490118576.22', event='commit_move', piece='w', move_nu='17', move='(0, 3, 3)', instance='Jam-10')| 11
Rec(t='1490118593.66', event='commit_move', piece='w', move_nu='18', move='(3, 3, 3)', instance='Jam-10')| 11
Rec(t='1490118614.94', event='commit_move', piece='w', move_nu='19', move='(0, 3, 3)', instance='Jam-10')| 11
Rec(t='1490118616.12', event='commit_move', piece='r', move_nu='20', move='(1, 2, 2)', instance='Jam-10')| 9
Rec(t='1490118617.59', event='commit_move', piece='g', move_nu='21', move='(3, 1, 2)', instance='Jam-10')| 8
Rec(t='1490118618.69', event='commit_move', piece='l', move_nu='22', move='(3, 4, 2)', instance='Jam-10')| 7
Rec(t='1490118619.84', event='commit_move', piece='p', move_nu='23', move='(3, 5, 2)', instance='Jam-10')| 6
Rec(t='1490118621.61', event='commit_move', piece='y', move_nu='24', move='(5, 3, 3)', instance='Jam-10')| 4
Rec(t='1490118623.56', event='commit_move', piece='M', move_nu='25', move='(4, 0, 2)', instance='Jam-10')| 3
Rec(t='1490118624.63', event='commit_move', piece='g', move_nu='26', move='(3, 0, 2)', instance='Jam-10')| 2
Rec(t='1490118625.61', event='commit_move', piece='r', move_nu='27', move='(4, 2, 2)', instance='Jam-10')| 2
Rec(t='1490119125.4', event='start', piece='None', move_nu='0', move='None', instance='Jam-13')| 24
Rec(t='1490119230.75', event='commit_move', piece='o', move_nu='0', move='(0, 1, 3)', instance='Jam-13')| 26
Rec(t='1490119232.98', event='commit_move', piece='g', move_nu='1', move='(1, 1, 2)', instance='Jam-13')| 26
Rec(t='1490119255.13', event='commit_move', piece='l', move_nu='2', move='(1, 3, 2)', instance='Jam-13')| 26
Rec(t='1490119259.2', event='commit_move', piece='m', move_nu='3', move='(3, 3, 2)', instance='Jam-13')| 27
Rec(t='1490119261.75', event='commit_move', piece='p', move_nu='4', move='(0, 5, 2)', instance='Jam-13')| 26
Rec(t='1490119264.28', event='commit_move', piece='t', move_nu='5', move='(2, 5, 2)', instance='Jam-13')| 27
Rec(t='1490119280.39', event='start', piece='None', move_nu='0', move='None', instance='Jam-13')| 23
Rec(t='1490119292.08', event='commit_move', piece='B', move_nu='0', move='(2, 3, 2)', instance='Jam-13')| 22
Rec(t='1490119294.18', event='commit_move', piece='r', move_nu='1', move='(2, 2, 2)', instance='Jam-13')| 22
Rec(t='1490119298.58', event='commit_move', piece='M', move_nu='2', move='(4, 1, 2)', instance='Jam-13')| 20
Rec(t='1490119301.47', event='commit_move', piece='c', move_nu='3', move='(4, 0, 2)', instance='Jam-13')| 21
Rec(t='1490119303.83', event='commit_move', piece='b', move_nu='4', move='(2, 0, 2)', instance='Jam-13')| 22
Rec(t='1490119308.52', event='commit_move', piece='o', move_nu='5', move='(0, 0, 3)', instance='Jam-13')| 25
Rec(t='1490119311.01', event='commit_move', piece='g', move_nu='6', move='(1, 0, 2)', instance='Jam-13')| 25
Rec(t='1490119315.02', event='commit_move', piece='p', move_nu='7', move='(0, 5, 2)', instance='Jam-13')| 27
Rec(t='1490119316.67', event='commit_move', piece='B', move_nu='8', move='(2, 4, 2)', instance='Jam-13')| 27
Rec(t='1490119323.99', event='commit_move', piece='l', move_nu='9', move='(0, 3, 2)', instance='Jam-13')| 28
Rec(t='1490119345.99', event='commit_move', piece='r', move_nu='10', move='(1, 2, 2)', instance='Jam-13')| 29
Rec(t='1490119349.16', event='commit_move', piece='m', move_nu='11', move='(3, 1, 2)', instance='Jam-13')| 31
Rec(t='1490119351.09', event='commit_move', piece='w', move_nu='12', move='(3, 4, 2)', instance='Jam-13')| 31
Rec(t='1490119352.69', event='commit_move', piece='t', move_nu='13', move='(3, 5, 2)', instance='Jam-13')| 33
Rec(t='1490119355.18', event='commit_move', piece='y', move_nu='14', move='(5, 3, 3)', instance='Jam-13')| 33
Rec(t='1490119390.01', event='commit_move', piece='l', move_nu='15', move='(1, 3, 2)', instance='Jam-13')| 33
Rec(t='1490119392.68', event='commit_move', piece='o', move_nu='16', move='(0, 2, 3)', instance='Jam-13')| 32
Rec(t='1490119396.25', event='commit_move', piece='y', move_nu='17', move='(5, 1, 3)', instance='Jam-13')| 30
Rec(t='1490119397.45', event='commit_move', piece='w', move_nu='18', move='(4, 4, 2)', instance='Jam-13')| 30
Rec(t='1490119398.98', event='commit_move', piece='t', move_nu='19', move='(4, 5, 2)', instance='Jam-13')| 29
Rec(t='1490119405.54', event='commit_move', piece='m', move_nu='20', move='(3, 4, 2)', instance='Jam-13')| 28
Rec(t='1490119411.89', event='commit_move', piece='l', move_nu='21', move='(2, 3, 2)', instance='Jam-13')| 28
Rec(t='1490119413.29', event='commit_move', piece='r', move_nu='22', move='(2, 2, 2)', instance='Jam-13')| 27
Rec(t='1490119416.26', event='commit_move', piece='g', move_nu='23', move='(1, 3, 2)', instance='Jam-13')| 25
Rec(t='1490119428.13', event='commit_move', piece='b', move_nu='24', move='(0, 0, 2)', instance='Jam-13')| 24
Rec(t='1490119430.28', event='commit_move', piece='c', move_nu='25', move='(2, 0, 2)', instance='Jam-13')| 23
Rec(t='1490119432.75', event='commit_move', piece='M', move_nu='26', move='(4, 0, 2)', instance='Jam-13')| 23
Rec(t='1490119451.22', event='commit_move', piece='g', move_nu='27', move='(1, 1, 2)', instance='Jam-13')| 25
Rec(t='1490119453.21', event='commit_move', piece='l', move_nu='28', move='(1, 3, 2)', instance='Jam-13')| 23
Rec(t='1490119502.77', event='commit_move', piece='l', move_nu='29', move='(3, 3, 2)', instance='Jam-13')| 24
Rec(t='1490119504.8', event='commit_move', piece='B', move_nu='30', move='(2, 3, 2)', instance='Jam-13')| 22
Rec(t='1490119507.14', event='commit_move', piece='o', move_nu='31', move='(0, 1, 3)', instance='Jam-13')| 22
Rec(t='1490119510.29', event='commit_move', piece='p', move_nu='32', move='(1, 5, 2)', instance='Jam-13')| 22
Rec(t='1490119519.04', event='commit_move', piece='o', move_nu='33', move='(0, 3, 3)', instance='Jam-13')| 22
Rec(t='1490119520.98', event='commit_move', piece='g', move_nu='34', move='(1, 3, 2)', instance='Jam-13')| 21
Rec(t='1490119522.73', event='commit_move', piece='r', move_nu='35', move='(0, 2, 2)', instance='Jam-13')| 17
Rec(t='1490119524.3', event='commit_move', piece='B', move_nu='36', move='(2, 1, 2)', instance='Jam-13')| 17
Rec(t='1490119532.77', event='commit_move', piece='y', move_nu='37', move='(5, 0, 3)', instance='Jam-13')| 16
Rec(t='1490119534.27', event='commit_move', piece='l', move_nu='38', move='(4, 3, 2)', instance='Jam-13')| 15
Rec(t='1490119536.49', event='commit_move', piece='m', move_nu='39', move='(3, 1, 2)', instance='Jam-13')| 14
Rec(t='1490119546.04', event='commit_move', piece='p', move_nu='40', move='(2, 5, 2)', instance='Jam-13')| 15
Rec(t='1490119547.22', event='commit_move', piece='g', move_nu='41', move='(1, 4, 2)', instance='Jam-13')| 16
Rec(t='1490119549.17', event='commit_move', piece='l', move_nu='42', move='(1, 3, 2)', instance='Jam-13')| 16
Rec(t='1490119560.95', event='commit_move', piece='l', move_nu='43', move='(3, 3, 2)', instance='Jam-13')| 15
Rec(t='1490119562.33', event='commit_move', piece='B', move_nu='44', move='(2, 3, 2)', instance='Jam-13')| 15
Rec(t='1490119565.43', event='commit_move', piece='w', move_nu='45', move='(3, 4, 2)', instance='Jam-13')| 15
Rec(t='1490119567.35', event='commit_move', piece='y', move_nu='46', move='(5, 2, 3)', instance='Jam-13')| 15
Rec(t='1490119569.62', event='commit_move', piece='r', move_nu='47', move='(1, 2, 2)', instance='Jam-13')| 16
Rec(t='1490119570.95', event='commit_move', piece='o', move_nu='48', move='(0, 1, 3)', instance='Jam-13')| 17
Rec(t='1490119572.95', event='commit_move', piece='g', move_nu='49', move='(1, 3, 2)', instance='Jam-13')| 18
Rec(t='1490119574.49', event='commit_move', piece='p', move_nu='50', move='(0, 5, 2)', instance='Jam-13')| 18
Rec(t='1490119576.04', event='commit_move', piece='t', move_nu='51', move='(2, 5, 2)', instance='Jam-13')| 19
Rec(t='1490119577.7', event='commit_move', piece='y', move_nu='52', move='(5, 3, 3)', instance='Jam-13')| 19
Rec(t='1490119589.28', event='commit_move', piece='t', move_nu='53', move='(3, 5, 2)', instance='Jam-13')| 19
Rec(t='1490119590.26', event='commit_move', piece='p', move_nu='54', move='(1, 5, 2)', instance='Jam-13')| 18
Rec(t='1490119592.61', event='commit_move', piece='o', move_nu='55', move='(0, 3, 3)', instance='Jam-13')| 17
Rec(t='1490119593.96', event='commit_move', piece='r', move_nu='56', move='(0, 2, 2)', instance='Jam-13')| 16
Rec(t='1490119613.21', event='commit_move', piece='M', move_nu='57', move='(4, 1, 2)', instance='Jam-13')| 15
Rec(t='1490119614.84', event='commit_move', piece='c', move_nu='58', move='(4, 0, 2)', instance='Jam-13')| 8
Rec(t='1490119616.06', event='commit_move', piece='m', move_nu='59', move='(3, 0, 2)', instance='Jam-13')| 7
Rec(t='1490119618.04', event='commit_move', piece='r', move_nu='60', move='(2, 2, 2)', instance='Jam-13')| 8
Rec(t='1490119640.55', event='commit_move', piece='r', move_nu='61', move='(1, 2, 2)', instance='Jam-13')| 8
Rec(t='1490119641.67', event='commit_move', piece='m', move_nu='62', move='(3, 1, 2)', instance='Jam-13')| 9
Rec(t='1490119642.97', event='commit_move', piece='c', move_nu='63', move='(2, 0, 2)', instance='Jam-13')| 16
Rec(t='1490119644.21', event='commit_move', piece='M', move_nu='64', move='(4, 0, 2)', instance='Jam-13')| 17
Rec(t='1490119649.26', event='commit_move', piece='r', move_nu='65', move='(0, 2, 2)', instance='Jam-13')| 16
Rec(t='1490119651.99', event='commit_move', piece='B', move_nu='66', move='(2, 1, 2)', instance='Jam-13')| 15
Rec(t='1490119654.04', event='commit_move', piece='l', move_nu='67', move='(2, 3, 2)', instance='Jam-13')| 16
Rec(t='1490119655.54', event='commit_move', piece='w', move_nu='68', move='(2, 4, 2)', instance='Jam-13')| 17
Rec(t='1490119659.86', event='commit_move', piece='M', move_nu='69', move='(4, 3, 2)', instance='Jam-13')| 5
Rec(t='1490119661.21', event='commit_move', piece='c', move_nu='70', move='(4, 0, 2)', instance='Jam-13')| 4
Rec(t='1490119662.13', event='commit_move', piece='m', move_nu='71', move='(3, 0, 2)', instance='Jam-13')| 3
Rec(t='1490119663.18', event='commit_move', piece='B', move_nu='72', move='(2, 0, 2)', instance='Jam-13')| 2
Rec(t='1490119664.55', event='commit_move', piece='r', move_nu='73', move='(4, 2, 2)', instance='Jam-13')| 2
Rec(t='1490118940.86', event='start', piece='None', move_nu='0', move='None', instance='Jam-12')| 19
Rec(t='1490118952.74', event='commit_move', piece='y', move_nu='0', move='(3, 0, 2)', instance='Jam-12')| 18
Rec(t='1490118954.83', event='commit_move', piece='M', move_nu='1', move='(2, 0, 3)', instance='Jam-12')| 17
Rec(t='1490118958.71', event='commit_move', piece='w', move_nu='2', move='(0, 3, 3)', instance='Jam-12')| 16
Rec(t='1490118960.96', event='commit_move', piece='c', move_nu='3', move='(4, 1, 2)', instance='Jam-12')| 15
Rec(t='1490118966.3', event='commit_move', piece='B', move_nu='4', move='(5, 3, 3)', instance='Jam-12')| 16
Rec(t='1490118970.33', event='commit_move', piece='y', move_nu='5', move='(4, 0, 2)', instance='Jam-12')| 17
Rec(t='1490118978.42', event='start', piece='None', move_nu='0', move='None', instance='Jam-12')| 19
Rec(t='1490119026.46', event='commit_move', piece='y', move_nu='0', move='(3, 0, 2)', instance='Jam-12')| 18
Rec(t='1490119037.92', event='commit_move', piece='M', move_nu='1', move='(2, 0, 3)', instance='Jam-12')| 17
Rec(t='1490119056.26', event='commit_move', piece='w', move_nu='2', move='(0, 3, 3)', instance='Jam-12')| 16
Rec(t='1490119058.03', event='commit_move', piece='c', move_nu='3', move='(4, 1, 2)', instance='Jam-12')| 15
Rec(t='1490119064.77', event='commit_move', piece='l', move_nu='4', move='(3, 5, 3)', instance='Jam-12')| 13
Rec(t='1490119069.9', event='commit_move', piece='w', move_nu='5', move='(3, 3, 3)', instance='Jam-12')| 13
Rec(t='1490119073.3', event='commit_move', piece='M', move_nu='6', move='(2, 3, 3)', instance='Jam-12')| 11
Rec(t='1490119079.12', event='commit_move', piece='r', move_nu='7', move='(1, 2, 2)', instance='Jam-12')| 11
Rec(t='1490119081.16', event='commit_move', piece='b', move_nu='8', move='(0, 4, 2)', instance='Jam-12')| 9
Rec(t='1490119083.58', event='commit_move', piece='r', move_nu='9', move='(0, 2, 2)', instance='Jam-12')| 9
Rec(t='1490119105.72', event='commit_move', piece='y', move_nu='10', move='(0, 0, 2)', instance='Jam-12')| 8
Rec(t='1490119110.69', event='commit_move', piece='c', move_nu='11', move='(4, 0, 2)', instance='Jam-12')| 7
Rec(t='1490119114.11', event='commit_move', piece='r', move_nu='12', move='(3, 2, 2)', instance='Jam-12')| 6
Rec(t='1490119116.26', event='commit_move', piece='M', move_nu='13', move='(2, 0, 3)', instance='Jam-12')| 5
Rec(t='1490119118.76', event='commit_move', piece='w', move_nu='14', move='(0, 3, 3)', instance='Jam-12')| 4
Rec(t='1490119120.66', event='commit_move', piece='l', move_nu='15', move='(1, 5, 3)', instance='Jam-12')| 3
Rec(t='1490119122.28', event='commit_move', piece='B', move_nu='16', move='(5, 3, 3)', instance='Jam-12')| 2
Rec(t='1490119123.28', event='commit_move', piece='r', move_nu='17', move='(4, 2, 2)', instance='Jam-12')| 2
Rec(t='1490118627.88', event='start', piece='None', move_nu='0', move='None', instance='Jam-11')| 27
Rec(t='1490118659.9', event='commit_move', piece='B', move_nu='0', move='(0, 3, 3)', instance='Jam-11')| 26
Rec(t='1490118661.11', event='commit_move', piece='r', move_nu='1', move='(0, 2, 2)', instance='Jam-11')| 25
Rec(t='1490118663.25', event='commit_move', piece='y', move_nu='2', move='(2, 1, 2)', instance='Jam-11')| 24
Rec(t='1490118672.54', event='commit_move', piece='b', move_nu='3', move='(0, 0, 2)', instance='Jam-11')| 25
Rec(t='1490118673.69', event='commit_move', piece='y', move_nu='4', move='(2, 0, 2)', instance='Jam-11')| 25
Rec(t='1490118674.69', event='commit_move', piece='r', move_nu='5', move='(1, 2, 2)', instance='Jam-11')| 26
Rec(t='1490118676.32', event='commit_move', piece='B', move_nu='6', move='(0, 1, 3)', instance='Jam-11')| 27
Rec(t='1490118678.17', event='commit_move', piece='l', move_nu='7', move='(0, 5, 3)', instance='Jam-11')| 28
Rec(t='1490118681.47', event='commit_move', piece='l', move_nu='8', move='(1, 5, 3)', instance='Jam-11')| 27
Rec(t='1490118692.76', event='commit_move', piece='w', move_nu='9', move='(1, 3, 3)', instance='Jam-11')| 26
Rec(t='1490118694.63', event='commit_move', piece='c', move_nu='10', move='(5, 0, 2)', instance='Jam-11')| 26
Rec(t='1490118705.37', event='commit_move', piece='l', move_nu='11', move='(3, 5, 3)', instance='Jam-11')| 25
Rec(t='1490118709.86', event='commit_move', piece='w', move_nu='12', move='(3, 3, 3)', instance='Jam-11')| 24
Rec(t='1490118711.49', event='commit_move', piece='B', move_nu='13', move='(0, 3, 3)', instance='Jam-11')| 23
Rec(t='1490118712.76', event='commit_move', piece='r', move_nu='14', move='(0, 2, 2)', instance='Jam-11')| 22
Rec(t='1490118714.24', event='commit_move', piece='y', move_nu='15', move='(2, 4, 2)', instance='Jam-11')| 21
Rec(t='1490118715.94', event='commit_move', piece='r', move_nu='16', move='(1, 2, 2)', instance='Jam-11')| 20
Rec(t='1490118721.33', event='commit_move', piece='b', move_nu='17', move='(1, 0, 2)', instance='Jam-11')| 19
Rec(t='1490118722.73', event='commit_move', piece='B', move_nu='18', move='(0, 0, 3)', instance='Jam-11')| 18
Rec(t='1490118724.28', event='commit_move', piece='w', move_nu='19', move='(0, 3, 3)', instance='Jam-11')| 17
Rec(t='1490118745.92', event='commit_move', piece='w', move_nu='20', move='(3, 3, 3)', instance='Jam-11')| 18
Rec(t='1490118746.87', event='commit_move', piece='y', move_nu='21', move='(2, 3, 2)', instance='Jam-11')| 19
Rec(t='1490118748.31', event='commit_move', piece='l', move_nu='22', move='(0, 5, 3)', instance='Jam-11')| 20
Rec(t='1490118755.51', event='start', piece='None', move_nu='0', move='None', instance='Jam-11')| 27
Rec(t='1490118777.91', event='commit_move', piece='B', move_nu='0', move='(0, 3, 3)', instance='Jam-11')| 26
Rec(t='1490118780.77', event='commit_move', piece='b', move_nu='1', move='(0, 0, 2)', instance='Jam-11')| 27
Rec(t='1490118782.07', event='commit_move', piece='r', move_nu='2', move='(0, 2, 2)', instance='Jam-11')| 26
Rec(t='1490118783.54', event='commit_move', piece='y', move_nu='3', move='(2, 0, 2)', instance='Jam-11')| 25
Rec(t='1490118786.43', event='commit_move', piece='r', move_nu='4', move='(1, 2, 2)', instance='Jam-11')| 26
Rec(t='1490118796.66', event='commit_move', piece='w', move_nu='5', move='(2, 3, 3)', instance='Jam-11')| 25
Rec(t='1490118798.4', event='commit_move', piece='c', move_nu='6', move='(5, 0, 2)', instance='Jam-11')| 25
Rec(t='1490118856.05', event='start', piece='None', move_nu='0', move='None', instance='Jam-11')| 27
Rec(t='1490118876.95', event='commit_move', piece='B', move_nu='0', move='(0, 1, 3)', instance='Jam-11')| 27
Rec(t='1490118893.83', event='commit_move', piece='B', move_nu='1', move='(0, 3, 3)', instance='Jam-11')| 26
Rec(t='1490118906.29', event='commit_move', piece='b', move_nu='2', move='(0, 0, 2)', instance='Jam-11')| 27
Rec(t='1490118907.45', event='commit_move', piece='r', move_nu='3', move='(0, 2, 2)', instance='Jam-11')| 26
Rec(t='1490118908.89', event='commit_move', piece='y', move_nu='4', move='(2, 0, 2)', instance='Jam-11')| 25
